product_name,vendor_name,sales,package,selling_price,original_price,rating,review_number,origin,comment,date
美贊臣 - [官方正貨] 美贊臣 Enfinitas 藍臻3號配方奶粉 (嬰兒奶粉) (1-3歲適用),美贊臣官方旗艦店,"6,000",820克,529.00,,4.2,41,荷蘭,"['5_star', '多啲做特價', '有優惠code 好抵', '有優惠卷，抵好多！', '非常好', '有贈品 正', '包裝完好', 'Ok', 'good', 'Good', 'Gd', '1_star', '一打開奶粉，首先沒有包裝膠紙，應該不是一手貨，而且內部膠蓋損壞，密封損壞，塑膠掉落奶粉入面，出落肚很大問題.', '全部11罐奶粉凹陷！有箱加上逐罐包bubble紙，都會凹到咁！運輸太暴力，要改善！請安排換貨！', '點解打開會咁樣？定係你哋而家的貨物越嚟越求其？係度買咗咁耐嘢，貨物越嚟越差！', '購買完2罐比咗優惠卷！但用優惠卷又話冇貨！變咗冇折扣！又搵唔到客戶服務！咁點解要係你度買!想買返2號又話優恵卷已使用！好有欺騙成份.', '臨過期就抽起曬啲貨，一箱箱就有貨，一罐罐就無貨，逼人啲券過期？？？Online Chat 等半個鐘都仲Loading，真係求助無門。如果到過期都無貨，我一定告到底！']",2023-12-10
美素佳兒 - 有機FRISO PRESTIGE BIO 3號成長配方奶粉800克 - 皇家美素佳兒 FRISO PRESTIGE,荷蘭美素佳兒官方旗艦店,"10,000",800克,488.90,,4.3,54,荷蘭,"['5_star', '可以特價更好', '包裝完好, 貨期新鮮!', 'Great quality, my toddlers love it', '如果有優惠會再次回購', 'Good', '好，有特價後抵', '有益健康', 'good', '原價$488.9/罐，入美素半價優惠碼後$244.4/罐。', 'Good', '1_star', '買果時沒有說明呢$400 優惠券是有限期.\n7月28號送貨. 31號原來經完左. 不能使用果$400\n\n訂單沒有明確顯示呢$400 是有限期使用. 要按入去睇先知有. 有被騙感覺.\n得3日😏\n\n真是好野👍🏻👍🏻👍🏻 甘既推廣', '買4罐，有2罐都凹陷，有冇搞錯，紙盒完整但奶粉罐竟然係凹的，麻煩找人跟進。', '本身佢有買4罐送400蚊HKTV MALL COUPON，一早放左4罐落購物車內但未比錢，到之後再比錢無為意，比完錢先見到無送coupon，咁我點解要喺你到買？變左0優惠！出面咁多優惠咁多野送我唔買咁洗喺你到買？客服淨係叫我截圖睇下果陣係咪真係有送coupon，笑死我會唔會買果陣cap定圖？仲話我比錢果陣無話送就即係無，明明買當晚8點幾我睇購物車都仲見到有，到10點幾買無為意就咁㩒買之後就無送到，而家客服淨識推落消費者到，離哂大譜！', '4罐有兩罐係凹既，其中一罐個蓋開口既密封膠條都冇埋', '四罐有兩罐都被撞凹左，不能接受。尤其是係BB奶粉，係咪應該小心啲？']",2023-12-10
雀巢® - [升級] 能恩®啟護TM 3號配方奶粉800g,雀巢嬰幼營養官方旗艦店,"40,000",800克,269.90,270.00,4.1,359,德國,"['5_star', '因為係低敏配方，BB飲左皮膚好好呀！👍', '送埋貨平過超市', '做promotion 買了8 罐有野送又唔使自己拎，very good', '一直飲開', '方便', '包裝良好', '只喺旗艦店呢度買，一定係真貨，今次做promotion送$250真係好抵，又可以用啱啱買嘅HKTVmall禮券，平上加平', '一直都食能恩', '有做優惠時真是太好', 'nice', '1_star', '完全唔推薦，仲要係旗艦店買，包裝竟然咁差，係小朋友飲嘅奶粉，竟然可以淨係用一張普通嘅bubble 紙包住？買三罐兩罐都係凹成咁樣樣，係完全影響質素！仲衰過過期！簡直不知所謂，冇下次', '有包裝，但係奶粉罐癡粒粒', '罐奶粉係凹！！！麻煩安排更換', '罐有凹，罐面附有黑色的塵粉，好污糟！', '到貨的時候已經爛開左！', '其中一罐身變色', '請問有冇常識?點解會將啲清潔液同啲奶粉擺埋一個箱送貨? 搞到成罐奶粉都係清潔液而清潔液亦都爆開晒？', '個罐凹左，請跟進', '凹左', '粒既']",2023-12-10
喜寶 - 有機雙益®️ HMP幼兒配方奶粉 (3號) (800克) (37870) 【香港原裝行貨】適用年齡：1歲或以上,HiPP 喜寶官方旗艦店,"10,000",,373.00,,4.6,111,德國,"['5_star', '小朋友食開好好', '產品非常合嬰兒食用！', '產品質素好，已多次回購！', '食得好好, 好健康, 可能真係有益生菌, 病痛真係少D', '味道很好的bb奶粉⋯', '一直食開, 第一個B食到第二個B, 兩個都無病無痛, 好少睇醫生, 真係感恩', '一直食開 不停回購 每日都靚便 good', 'Good', '一直飲開，BB啲便便都keep住好靚', 'Good', '1_star', '點解全部6罐奶粉都係10.11.2020？', '送少咗一罐。買二送一，嚟得兩罐。請聯絡我及補送。', '罐邊生銹，我唔知入面產品有無問題，請跟進']",2023-12-10
雅培 - 雅培保兒加營素3+ (呍呢嗱味) 850克,雅培嬰幼兒奶粉官方旗艦店,"10,000",850g,254.90,,4.4,75,新加坡,"['5_star', 'ok', '小朋友喜歡 味道好 包裝也優良', '👍🏻', '送貨很快！包裝整潔', 'ok', '會再購買', 'good', '美味好飲', '多次回購，包裝優良～慳左係街拎返屋企既路程，會員價仲平過係門市買，而且肯定係正貨！', '二次回購', '1_star', '買了3罐，3罐的瓶身都撞凹，3罐的蓋子都破損。\n\n昨天有在HKTVmall的系統提出換貨要求，剛剛想看處理進度就發現要求直接被刪除，系統完全沒有任何紀錄。\n\n同一筆加單的Tempo原箱衛生紙則是直接丟失，沒有送來。\n\n猜測可能是有兩件商品需要處理，但是每筆訂單只能提出1次要求，所以HKTVmall的系統就自作主張取消了其中1個。', '雅培話買滿$900有贈品，雅培話你司系統出左問題，顯示唔到贈品。請問入場卷贈品幾時補比我？', '雅培話買滿$900有贈品，雅培話你司系統出左問題，顯示唔到贈品。請問入場卷贈品幾時補比我？', '食用期限太短', '見有贈品優惠滿$800送vtech米奇玩具，於是買左4罐，加到購物車時仲見到，付款後無左，請跟進。', '拆開包裝 見到奶粉罐蓋已經有損毀']",2023-12-10
雀巢® - [升級] 能恩®啟護TM 4號配方奶粉800g,雀巢嬰幼營養官方旗艦店,"10,000",800克,219.90,,4.5,99,德國,"['5_star', '滿意', '包裝好', '正貨好少有折，vipday 買平少少都開心', '唔洗自己拎', 'Good delivery.', '生產日期2020年，fyi', 'FYI. 生產日期係2020年.', '多次回購, 因不用自己搬', 'good 已多次回購', '多次回購, 唔洗拎', '1_star', '大家來欣賞一些有藝術氣質的產品，有凹陷的產品也不覺奇怪，但奇在係包裝內已經出現有這麽大的凹陷，也可以出售，另一包裝仲有藝術及玩樂性質，連三歲多的兒子都話：「爸爸，咁得意嘅，罐倒轉咗，\ue362返先。爸爸，點解仲係倒轉嘅」我的回應是:「阿仔，本身有罐已經倒轉放，你點放都係倒轉架」阿仔：「點解會倒轉放嘅?」我都想知道這個藝術品，還是用來食的嬰兒奶粉呢？點解會有咁包裝的呢？', '買咗一堆貨，收咗3蚊膠袋徵費。收貨見到只用了一個膠袋，裝了3罐奶粉。即係一個膠袋收3蚊？？？', '漏送，請跟進', '今次買無10% cash dollar , 貪佢送貨唔駛ling', '比左錢先話冇貨。。。。', '今日奶粉送嚟個罐係凹，請問是否可更換']",2023-12-10
惠氏 - S-26® Ultima® 3號幼兒成長配方奶粉800克 (Wyeth® S26),惠氏營養品官方旗艦店,"10,000",800克,282.00,283.00,4.2,133,瑞士,"['5_star', '👍', '多次回購', 'ok', '幾好', 'ok', '好', '包裝好好，罐身無凹，BB食開', 'good', 'ok', '3罐有優惠碼送，抵', '1_star', 'Item was dented when I collected and not well packaged.', '買4罐有3罐凹既，已申請退貨', '倉底貨，6/11/2021落單7罐奶奶， 有6罐13/1/2022過期，已被拒絕申請退貨，只有2個月期限，趕唔切在過期前食用，以後如何放心上網買？下次如果給一個月後到期，又要接受呀？', '訂購7罐奶粉，7罐都是凹，用AXE洗潔精紙箱裝，原廠原箱6罐一箱，請問這些是正貨嗎？', '買3罐3罐都係凹咗....', '個罐凹得好嚴重 買3罐用出前一丁箱裝住', '今次送貨都算叫最後一分鐘送到，我訂購四罐奶粉，四罐都有凹，我想問你地點處理！？我都費事為難送貨人員！', '是次包裝沒有泡泡紙 三罐有兩罐凹陷', '奶粉罐撞到凹曬，6罐無1幸免，D貨好似垃圾堆拎出來咁，奶粉係俾BB飲嘅，你叫D家長係現時嘅疫情環境下點安心俾小朋友飲？麻煩貴公司檢討下工作態度。網上又賣廣告話買6罐送焗爐，優惠期去到4月2號，請問焗爐幾時送嚟？', '價錢優惠，禮品精美，但6罐當中3罐凹，始終係小朋友用，凹罐不敢食用，請安排退換']",2023-12-10
美素佳兒 - FRISO PRESTIGE®️ 3號成長配方奶粉 800克 - 皇家美素佳兒 FRISO PRESTIGE,荷蘭美素佳兒官方旗艦店,"10,000",,447.90,,4.4,110,荷蘭,"['5_star', '好', 'Gd', '好', '抵', 'Good', '小朋友飲開～一直回購', '👍🏻', 'Goodpo', 'good', '$447.9/罐，入美素半價優惠碼後$223.9/罐。抵！', '1_star', '贈品經常無貨', '買夠$2599，有氣炸鍋，但無hktv $500 cash coupon', '唔明點解凹左都可以送價，仲要係10罐咁多', '用戶已設定此評論內容為非公開', 'HKTVmall包裝只用膠袋，其他公司用紙盒包裝，其安全性強。覺得你地安排有明顯改善空間。同埋建議將所有貨物都放置紙盒內，確保運送人員唔會執漏', '呢隻奶粉好好', '一年加左至少兩次價', '沒收到門票！']",2023-12-10
雅培 - 雅培心美力升級 5 HMO 3號850克,雅培嬰幼兒奶粉官方旗艦店,"10,000",850g,274.90,275.00,4.2,79,愛爾蘭,"['5_star', '食開，特價抵！', '飲開', '👍', '有優惠都會再次回購👏👏', '比藥房更便宜。', '👍🏻', 'Good price', '運送良好', '冇穿冇爛', '特價兩罐$549.8，入優惠碼再-$130，埋單$419.8，抵。', '1_star', '未開封已有奶粉溢出', '買過幾間 未試過收到貨咁樣，罐係凹嘅 同時好污糟同生鏽，始終俾小朋友食 應該注意下衛生同產品狀況先發貨，本打算換貨，真係信心不足現想退貨退款。\n沒有客服電話 只能一次性在退換貨上面寫明原因和留電話，希望佢哋直接覆電話 但無收到', 'Are these normal results of delivery of milk formula?', '只用膠貨包裝，而且膠袋是爛的，實體店自取出門口個袋已經爆開並且跌出袋外', '包裝不好，奶粉竟然不是用紙皮箱裝住，而是用膠袋裝住，有擔心到奶粉是否正貨保證。', '包裝不好，奶粉竟然不是用紙皮箱裝住，而是用膠袋裝住，有擔心到奶粉是否正貨保證。', '贈品少送了六本書，希望可以跟進，謝謝。', '買左六罐話送六本書，剩系收到兩本，仲要部機間中會黑屏同解讀唔到', '送貨少了一罐']",2023-12-10
Aptamil - Aptamil 白金版 - 幼兒成長配方奶粉3號900克,Aptamil香港官方旗艦店,"10,000",900克,358.00,,3.8,57,紐西蘭,"['5_star', '食開，產品無問題\n但已買四罐，尚未收到現金卷，請跟進', '快靚正', '非常安全，品質好', '好', '送貨員準時送到', 'Ok', '每罐用bubble紙獨立包好，沒有凹。送$500 卷', 'Good', 'na', '買完再送coupon 抵', '1_star', '買6罐有4罐是凹的', '購買4罐Aptamil奶粉送$400電子優惠券，推廣期是10月6日至22日。我於10月15日購買4罐Aptamil奶粉，但至今仍未收到電子優惠券。10月17日（即今天）HKTV Mall網頁（見圖）仍然有此優惠。我已分別在HKTV MALL APPS及在HKTV MALL網頁與客戶服務員聯絡，但仍未有人跟進。請問何時會給我電子優惠券？', '買了8罐奶粉 為何沒有收到$600 優惠卷？請跟進！', '點解不能深入了解個因果關係，是否應該找出導致損壞原因，加以改善，而不是一味叫人退貨', '六罐有一罐凹，請跟進', '奶粉笠既！', '8/1購買時仍有推廣滿$1500送攪拌機，收到貨之後話已送完。我買左5罐之後，送貨來11/1沒有的。但12/1現時仍貼出優惠，呃消費者購買。若已送畢，應及時告之消費者！', '我350幾買的，今日啱收到貨就已經變成322，然後我再購物發現加購價先300蚊！足足爭咗成50蚊！仲有無誇張啲？令我以後都唔想再幫襯HKTVMALL了！', '推廣優惠6罐75折實際扣數按85折😓', '送$100電子優惠券只適用於再次購買牛欄牌/Aptamil產品，唔該下次清楚列示條款，明買明賣，留言我見都唔止我一個受害者。']",2023-12-10
喜寶 - 有機雙益®️ HMP嬰兒配方奶粉 (1號) (800克) 【香港原裝行貨】(38587) 適用年齡：初生起,HiPP 喜寶官方旗艦店,"10,000",,383.00,,4.3,75,德國,"['5_star', '出世飲到而家健康寶寶😍bb便便好好，九個月依然好鍾意飲奶😋', 'OFFICAL', '😁', '好快送到', '性價比極高的有機奶粉', '回購 回購 一如既往嘅好', '細佬妹一個一個咁生B, 而家keep 住一個一個咁食呢個品牌, 送去呀媽度, 個個都食得好好, 至少唔會成日有病痛', '好', '大便勁暢順又唔臭', 'Hipp 好', '1_star', '奶粉罐是凹了，沒看清楚開了，無法退換，下次還是實體店購買比較安心', '呢啲都叫做包裝？', '幾時有貨？初生嬰兒奶粉可以冇貨？', '突然冇貨👎👎👎', '今天收到，打開箱後發現奶粉蓋極度骯髒，多灰多塵，要求換貨！', '凹左既 罐奶粉。', '新包裝非常難溶，考慮轉其它牌子。']",2023-12-10
美素佳兒 - 有機FRISO PRESTIGE BIO 3號成長配方奶粉800克 - 皇家美素佳兒 FRISO PRESTIGE,荷蘭美素佳兒官方旗艦店,"10,000",800克,488.90,,4.3,54,荷蘭,"['5_star', '可以特價更好', '包裝完好, 貨期新鮮!', 'Great quality, my toddlers love it', '如果有優惠會再次回購', 'Good', '好，有特價後抵', '有益健康', 'good', '原價$488.9/罐，入美素半價優惠碼後$244.4/罐。', 'Good', '1_star', '買果時沒有說明呢$400 優惠券是有限期.\n7月28號送貨. 31號原來經完左. 不能使用果$400\n\n訂單沒有明確顯示呢$400 是有限期使用. 要按入去睇先知有. 有被騙感覺.\n得3日😏\n\n真是好野👍🏻👍🏻👍🏻 甘既推廣', '買4罐，有2罐都凹陷，有冇搞錯，紙盒完整但奶粉罐竟然係凹的，麻煩找人跟進。', '本身佢有買4罐送400蚊HKTV MALL COUPON，一早放左4罐落購物車內但未比錢，到之後再比錢無為意，比完錢先見到無送coupon，咁我點解要喺你到買？變左0優惠！出面咁多優惠咁多野送我唔買咁洗喺你到買？客服淨係叫我截圖睇下果陣係咪真係有送coupon，笑死我會唔會買果陣cap定圖？仲話我比錢果陣無話送就即係無，明明買當晚8點幾我睇購物車都仲見到有，到10點幾買無為意就咁㩒買之後就無送到，而家客服淨識推落消費者到，離哂大譜！', '4罐有兩罐係凹既，其中一罐個蓋開口既密封膠條都冇埋', '四罐有兩罐都被撞凹左，不能接受。尤其是係BB奶粉，係咪應該小心啲？']",2023-12-10
雀巢® - [升級] 能恩®啟護TM 2號配方奶粉800g,雀巢嬰幼營養官方旗艦店,"10,000",800克,295.00,,4.2,87,德國,"['5_star', '用戶已設定此評論內容為非公開', '$277.9', '幾好', '9折抵', 'best price ever', '包裝少左，好', '好', '一直飲開！濕疹冇咁勁', '好', 'Good', '1_star', '連續三次訂購奶粉罐都係凹嘅，包裝差劣，求其用個膠袋入住就算，浪費奶粉也浪費大家時間。', '無送到贈品星星餅 請跟進', '送貨送少四罐奶粉，打HKTV mall 電話成日冇人聽，司機又說唔關佢事，可惡!', '比左舊版 請跟進和退貨', '3％回贈，可以返藥房買', '藥房賣緊$215']",2023-12-10
美贊臣 - [官方正貨] 美贊臣 Enfa A+ NeuroPro 智睿系列 3號配方奶粉 (嬰兒奶粉) (1-3歲適用),美贊臣官方旗艦店,"10,000",900克,275.00,,4,56,荷蘭,"['5_star', 'Good quality', '小弟弟喜歡喝這個味，香味濃郁', '很好', 'GOOD', '平靚正', 'Good', '方便拎貨', '用埋減一百蚊好平', 'Good', 'Good', '1_star', '11月1 號第一次收貨時，發現有三罐奶粉有明顯撞凹，要求換貨後。11月7號第二次收貨時仍然發現有一罐明顯撞凹，運輸師傅話他會安排再次更換，至今仍然未有接獲通知安排更換', '有咩理由成一個月都冇貨？代理將啲貨比曬""藥房""？', '買左4罐，但有3罐罐身有凹痕。', '剛剛收到了貨，打開包裝發現有3罐奶粉都是凹陷😖😖', '12罐奶粉全部以背心膠袋送貨，其中1罐被撞凹', '損壞', '用戶已設定此評論內容為非公開']",2023-12-10
雅培 - 雅培保兒加營素3+ (朱古力味) 850克,雅培嬰幼兒奶粉官方旗艦店,"10,000",850克,254.90,,4.3,57,新加坡,"['5_star', '小朋友一直飲開', '味道好, 補充營養, 小朋友要一日一杯', 'my kid like that, 👍', '每日沖一杯比小朋友補充營養。', '好', 'good', '寫就得啦女', 'kids like it a lot', '多次回購👍🏻', 'good', '1_star', '冇匙羹，點冲', '贈品包裝很差\n雖然是贈品，但都應該有另外一層的包裝作保護，而不是這樣用膠紙就咁痴住，仲要整爛晒\n\n要客人如何保留玩具的外盒作保存玩具之用？', '污糟成咁，難以想象送貨來之前存儲時的擺放位置😰😰😰', '為左贈品買4罐，但盒野冇左個水龍頭，有冇得跟進?']",2023-12-10
雀巢® - [升級] 能恩®啟護TM 1號配方奶粉800g,雀巢嬰幼營養官方旗艦店,"10,000",800克,308.00,,3.7,124,德國,"['5_star', 'gd quality', '商品優良', '包裝很好,送貨快', '買左几次', '再買', 'Good', '好!', '收貨嘅時候見到有用bubble紙同埋膠袋包裝，非常之貼心，唔會容易撞凹罐身，仲有今日訂貨，聽日就有，非常快捷方便，好過自己出街買，值得比贊。', '有bubble紙包住冇碰撞痕跡\n同埋送貨好快，一日就收到\n仲方便過自己親身買', '收到個陣係獨立用bubble紙包住，打開完全冇凹到，好快就收到，下次會繼續係到買👏🏻👏🏻', '1_star', '睇左其他評論都已經心大心細買唔買怕送黎罐奶粉有事…點知真係凹，凹左都已經可能有空氣入左去變壞，點俾小朋友食', '買左6罐 包裝係用泡泡紙pack住，再用膠袋裝住，冇用到紙箱pack，有3罐送到嚟都凹左，另外有2罐唔知點解個罐痴笠笠', 'Container dented at two places. it was stated in the product description when I searched the item that the supplier is Nestle, but it turned out to be The Market. I would not have ordered had I known this', '收升級版啟護價錢，貨就比舊版超級能恩，呃人買清舊貨', '你哋有冇搞錯，居然將罐奶粉同支生抽就甘用泡泡紙包埋一齊就出貨，起碼都要用紙箱裝下啦！', '凹晒，又有跡，甘既野都可以攞出黎賣', '唔係指定時間內送貨！', '樽蓋爛咗，請盡快聯絡更換', '送貨冇預先打比我 一打比我就話係門口，都唔緊要，我話等我10分鐘，夠膽死話擺係門口!!不知所謂!你地係咪要考慮下轉外判公司?定係你地自己請人?', '送錯貨！要超級能恩1號，送左S26,2號！請跟進！']",2023-12-10
喜寶 - 有機雙益®️ HMP較大嬰兒奶粉 (2號) (800克) (38594) 【香港原裝行貨】適用年齡: 6個月或以上,HiPP 喜寶官方旗艦店,"9,000",,383.00,,4.5,36,德國,"['5_star', '產品非常合嬰兒食用！', '產品質素好！', '好', '轉飲左一陣子, 都覺得好好, poopoo真係好緊要, 之前見到BB痾唔出, 見到都覺得佢辛苦, 而家轉左呢款, 日日都有', 'Good', 'BB食開呢隻奶粉，覺得幾好', '包裝無問題', 'Good', '有優惠券買，冇記錯好似係$199', '方便 真貨 加10蚊仲有餅乾', '1_star', '打開見到有條頭髮係匙上面⋯']",2023-12-10
雅培 - 愛心美豆奶配方 900g,雅培嬰幼兒奶粉官方旗艦店,"9,000",900克,293.90,,4.3,52,荷蘭,"['5_star', '十分好 多次回購', '幫助孩子成長', '加單優惠$23X 超抵！', 'vip day 有折', '家裡小孩固定喝此品牌豆奶粉產品，在網上買比市面還優惠！', 'VIP日比出面平，好抵買', '95折平過藥房又可以送貨', '95折,比藥房平,已多次回購', '95折會員優惠,比藥房平,送上門,非常好,已回購多次', '小朋友食開,比藥房平,而且送上門,非常好', '1_star', '已損壞', '打開膠蓋，滿佈灰塵，用紙巾抹，可見有多污糟，罐邊還有污塵，不知打開蓋後會唔會跌落奶粉內，十分不滿', '剛剛要開新奶粉，先打開bobble紙，先發現原來個銀色蓋掩爛左，太差！']",2023-12-10
illuma - LUXA® HMO 3號幼兒成長配方奶粉 850克 (6種HMO),惠氏營養品官方旗艦店,"8,000",850克,464.90,465.00,3.5,42,愛爾蘭,"['5_star', 'Good', 'Good', '包裝完整', '出世到現在都是飲呢隻品牌，現在還有贈品送非常好，good', 'Good', '第二次在這裏購買，今次買了兩罐，期限也是22年7月的，而且每罐也有用bubble紙包裝，非常好，會繼續在這裏購買👍🏻', '非常好！每一罐都有用bubble包裝好！到期日係2022年👍🏻', '抵買 飲開', '小朋友飲開，有100減，365都ok', '在家安心講物，又可增加抽獎機會', '1_star', '奶粉訂5罐有3罐罐身有凹痕，惠氏咁大間官方store,奶粉送貨竟然就咁肉酸搵張bubble紙包住然後搵個膠袋抽住咁比貨，零防護能力！好心咪咁姑寒比個紙箱啦！', '離譜到極點的安排，這麼大的廠商送來的奶粉當天就要過期了，品管有非常大的問題，可以用心經營品管嗎？小孩喝了出事誰負責呢？', '收倒三罐舊裝,到期日只有兩日，其中兩罐明顯嚴重凹咗同勁多塵，完全唔明白點解可以照出貨。仲要係官方旗艦店，真係極度失望。', '舊款，罐身污糟又凹咗，仲要後日到期，會唔會咁到照出貨呀', '食用期限竟然得一個月，根本就係想清倉底貨，買之前完全冇話俾人聽有欺騙之嫌，又唔肯退貨換貨，得一個月都話有一段日子，有小朋友嘅家長都知一個月點可以食得曬大奶粉，唔通我一日飲五次', '買滿6罐送氣炸鍋，但沒有送貨！', '真係平都唔好買...凹...', '買左13罐奶粉，全部又爛又凹，客戶服務提議我換貨，等左一個禮拜換黎新既13罐奶粉仍然係爛同凹，完全用唔到，不能接受！依家仲唔俾我選擇退錢！用左幾千蚊買有問題產品！用左咁耐hktvmall從未試過會有咁離譜既產品同服務！唔該退番錢！！！！！！！！！！', '買10罐，有4罐有凹陷。想退貨。', '包裝非常不妥，奶粉罐普遍都有凹痕，要求回收及退款']",2023-12-10
明治 - [香港版正貨]成長配方EZcube,日本明治奶粉香港官方旗艦店,"8,000",448g,169.00,170.00,4.5,63,日本,"['5_star', 'Great product and been using since long time', 'Handy product', '我仔仔飲開這奶粉', '方便', '第二次購買', '抵飲', 'Ok', 'Good', '抵', '方便', '1_star', '2021製造的外盒還污損，有效期限還只到6月20！店家完全沒說是即期商品\n\n一次店，不會有第二次光顧了', '越來越無優惠，買五先減70，以前係減開100', '又話12/2開始做買5盒減$100\n仲要由$140 加到 $148\n優惠未有, 仲要加價']",2023-12-10
明治 - [香港版正貨]成長配方1-3歳 (新包裝),日本明治奶粉香港官方旗艦店,"8,000",800克,240.00,270.00,3.8,108,日本,"['5_star', '好好', '做緊特價 好平', '價錢平，但成日無貨！', '很好', '斷貨左一段時間，終於有貨，$200/罐，無左$360/2罐\n同埋罐唔同左樣，係咪轉新罐？前幾日買$200/罐，今日出評語時$250罐？！', 'Ok', 'Nice!', 'ok', '平過街買', 'Regular buy', '1_star', 'Dented. While 3rd parties packed with boxes, official Meiji packed with bubble wrap.', 'Dented badly', '貴品牌奶粉infant formula含基因毒性同致癌物，想退貨', '兩罐奶粉中有一罐一打開內有不明物', '好嬲，罐底生銹，2018年製造', '今日送三罐嚟，全部都無用bubble紙包，撞凹得好緊要！（以前訂講好多次都有包好，就算撞凹都只係凹少少）', '日期較短\n2020年11月20日就到期', '第一次買，就漏送了！不知怎麼聯絡要回來？', '買左6罐，送了2次奶粉罐還是凹陷的，令人失望！', '送漏三罐，麻煩盡快跟進']",2023-12-10
喜寶 - 喜寶3號雙益幼兒成長配方奶粉,大街市,"7,000",800克,372.00,373.00,4.1,87,德國,"['5_star', '買開，希望多啲折扣', 'ok', '回購了好多次 大街市買雖然無盒, 但都用bubble 包到好實, 完全無凹\n\n婆婆屋企有幾個小朋友都係食開, 食得好快, 如果做多啲特價就更好', '過咗一歲，都要開始幫BB轉3號，先買左一罐每日一餐咁幫BB試下轉，開初都擔心poopoo唔夠好，不過同品牌真係唔使擔心， BB勁快適應到， poopoo都係keep住咁靚，有機奶粉真心唔錯', '2號仔已經食開，3號仔奶粉會乾身啲，都幾易溶，同２號仔一樣，味道都係好淡。BB一樣食得好快，每晚一定要一大支先肯瞓，不過肯食好過唔食', '仔仔之前飲第二隻牌子，但一轉季就會出疹，聽其他媽媽group話hipp唔錯，買左2號試一段時間，濕疹同皮膚敏感有改善到，味道會比其他brand淡小小，但最緊要係日日有便便同bb身體健康，宜家開始飲3號喇，之後都會keep住飲。', '幾好，平出面幾十蚊', 'Price and quality is good', 'Good buying experience', '一直買開荷蘭版，平幾十蚊，已多次回購', '1_star', '第一次係大街市買奶粉，因貪平買兩罐，甘就出曬事，小朋友長期飲開 hippo, 從未有發生甘嘅事，之前只係萬寧或專門店買。 但今次 差唔多用到底，見到黑色物體係奶粉度，真係嚇親！！ 小朋友 咁細個，你哋公司d品質甘差，家長點放心，所以大家唔好再幫襯啦。\n同埋唔該你哋hktvmall or yr company staff to 聯絡返我啊! 我覺得唔係小事lor !!!!', '長期買哩個奶粉，最近無意中見到兩次都有污染物喺奶粉入面，唔敢再買了！唔知食左幾多垃圾落肚😖😖', '用正價購買，但得到的係就快過期產品，由收貨到過期不足一個月，bb點食得切！仲吾肯退換，實在太過份！', '11月16到期，但聞到有異味，請跟進，謝謝', '差不多要過期了。購買時沒有寫有效期，等付款後才顯示有效期，是不是有點欺騙消費者的成分啊?', '$99，得番5個月食用日期', '2019年4月生產，2020年10月到期，生產咗超過1年，兼衹剩下4個月左右到期，屬於期貨，比bb食的希望能標示埋日期，好讓媽媽有心理預期，唔該！', '你好！ 奶粉日期很快就過期了，麻煩回電話溝通51313666 ，謝謝', '成日缺貨，物流做好D啦.', '非常不滿，請安排退貨。我買了兩罐，有1支沐浴露送，現在只發貨1罐，沒有沐浴露送。。。請盡快安排退貨。。。極度不滿！！！！！！！！！！！！！']",2023-12-10
illuma - ILLUMA® Organic 3號幼兒成長有機配方奶粉 850克,惠氏營養品官方旗艦店,"7,000",850克,498.90,,4.2,43,愛爾蘭,"['5_star', '贈送$700 Sogo禮劵\n抵買', '宝宝一直在喝', '用戶已設定此評論內容為非公開', '$299 加VIP95折, 抵', 'okay', '完整無缺非常好', '食開。', '一罐都有包裝，讚', 'Good', '回购', '1_star', '買左好多次，今次包裝最隨便，只用一層好薄的泡泡紙包住，然後放入膠袋就算，返至屋企發現底部撞凹左。今次好唔滿意。', '奶粉罐又係凹，完全冇改善', '凹咗，請換貨和跟進', '買了3罐，2罐凹左', '要晚上七點後才有貨，白行兩次，即場打開貨品是嚴重凹陷，即場退貨', '罐凹了', '奶粉罐凹咗，要求退換']",2023-12-10
Aptamil - Aptamil 白金版 - 較大嬰兒配方奶粉2號900克,Aptamil香港官方旗艦店,"6,000",900克,376.20,418.00,3.9,16,紐西蘭,"['5_star', '價錢物美，有$500購物券回贈，好抵👍👍👍👍', '很好', '包裝良好，送貨快', 'Good', 'good', '态度好', '包裝完整無缺', '好', '阿囡飲開', '完整包裝', '1_star', '買四罐，唔明白點解有紙箱打包都係凹罐既 😓', 'Bb展買入的奶粉 官方商店直出安心d 第一次收貨有凹陷 安排換貨 但換貨後凹陷更加嚴重\n很失望 對bb食品處理可以謹慎啲嗎？', '買左4罐2號\n2罐3號\n用膠袋再加bubble紙\n每罐也有碰撞痕跡\n還好凹的程度一般\n完全冇視是嬰兒食用', '訂過咁多次都冇試過凹貨今日第一次收到其中一罐凹貨,唔知會唔會影響貨品質素']",2023-12-10
雅培 - 雅培保兒加營素1+ (呍呢嗱味) 850克,雅培嬰幼兒奶粉官方旗艦店,"6,000",850g,264.90,,4.4,20,新加坡,"['5_star', '口味太甜了', 'good', '送貨快', '多次回購', '會再次回購', '會再次回購。', 'good', '買左4罐送左個廚房玩具👍🏻吸引', '正常', 'Great product with high quality', '1_star', '買左6罐，明明話送6本書、送黎得1本']",2023-12-10
美贊臣 - [官方正貨] 美贊臣 Enfinitas 藍臻3號配方奶粉 (嬰兒奶粉) (1-3歲適用),美贊臣官方旗艦店,"6,000",820克,529.00,,4.2,41,荷蘭,"['5_star', '多啲做特價', '有優惠code 好抵', '有優惠卷，抵好多！', '非常好', '有贈品 正', '包裝完好', 'Ok', 'good', 'Good', 'Gd', '1_star', '一打開奶粉，首先沒有包裝膠紙，應該不是一手貨，而且內部膠蓋損壞，密封損壞，塑膠掉落奶粉入面，出落肚很大問題.', '全部11罐奶粉凹陷！有箱加上逐罐包bubble紙，都會凹到咁！運輸太暴力，要改善！請安排換貨！', '點解打開會咁樣？定係你哋而家的貨物越嚟越求其？係度買咗咁耐嘢，貨物越嚟越差！', '購買完2罐比咗優惠卷！但用優惠卷又話冇貨！變咗冇折扣！又搵唔到客戶服務！咁點解要係你度買!想買返2號又話優恵卷已使用！好有欺騙成份.', '臨過期就抽起曬啲貨，一箱箱就有貨，一罐罐就無貨，逼人啲券過期？？？Online Chat 等半個鐘都仲Loading，真係求助無門。如果到過期都無貨，我一定告到底！']",2023-12-10
牛欄牌 - 牛欄牌 - Happy Tummy 3 號幼兒成長奶粉900克,牛欄牌香港官方旗艦店,"5,000",900克,236.30,278.00,4.4,26,紐西蘭,"['5_star', 'BB一路飲都好健康。', '飲開, 抵買', '👌👍', 'good product', 'Good', '性價比高', '比市面平', '好', 'NA', '貨期都ok...2024年十月到期', '1_star', '付款後沒有收到$350 電子優惠券', '凹，之前買6罐冇事，今次3罐就出事']",2023-12-10
康多蜜兒 - 嬰兒配方奶階段3 官方正貨 (由12至36個月),Kendamil Official Store,"5,000",,359.00,,4.1,41,英國,"['5_star', 'good price', '很好', '減價先抵買', 'Good', '用戶已設定此評論內容為非公開', '包裝得好好👍🏻', '包裝好好，唔會有凹，都唔會有啲粒粒黑色嘅塵粒痴喺包裝。好衛生。', 'very nicely packed', '定價比同行高少少', '795 3罐，再有回贈，抵！', '1_star', '準備轉3號見到呢度有優惠買左三罐，但呢三罐奶粉都無紅色拖拉機安全標誌，奶粉日期都無製造日期，同以前奶粉都唔一樣，同埋以前買好似無中文，因為唔係話英國製造咩？突然有中文出現好似有d怪，對奶粉存疑。', '爆蓋', '我是29/7簽收的，並不是5月8日！請聯絡我跟進', '今次這張單，這批次奶粉好差。奶粉罐蓋開合好鬆扣唔實，唔密封！我買了兩罐，可否更換？']",2023-12-10
美素佳兒 - FRISO PRESTIGE®️ 2號較大嬰兒配方奶粉 800克 - 皇家美素佳兒 FRISO PRESTIGE,荷蘭美素佳兒官方旗艦店,"5,000",800克,497.90,,4.6,48,荷蘭,"['5_star', '好', '很好，多次回購', '哩只奶粉最啱亞B，1、2、3、4都係食佢希望繼續有優惠', '飲開', '原價$497.9，入美素半價優惠碼後$248.9。', 'Good', '原價$497.9/罐，入美素半價優惠碼後$248.9/罐。', '自從飲左 排便無難道', '很好，多之回購！', '貨品完整，日期新鮮，寶寶愛喝，已回購多次', '1_star', '好', '很好，多次回購', '哩只奶粉最啱亞B，1、2、3、4都係食佢希望繼續有優惠', '飲開', '原價$497.9，入美素半價優惠碼後$248.9。', 'Good', '原價$497.9/罐，入美素半價優惠碼後$248.9/罐。', '自從飲左 排便無難道', '很好，多之回購！', '貨品完整，日期新鮮，寶寶愛喝，已回購多次']",2023-12-10
惠氏 - S-26® Ultima® 4號兒童成長配方奶粉800克 (Wyeth® S26) (新/舊包裝隨機發送),惠氏營養品官方旗艦店,"5,000",800克,234.00,235.00,4.4,28,瑞士,"['5_star', '88折再送即熱水機， 真抵！', 'good', '平', '買奶粉送的電飯煲很靚， 謝謝😀', '👍🏻👍🏻👍🏻', '88折再95折等同藥房價，仲有scooter送，好抵👍🏻', 'Good', '等到 88 折再 VIP 95 折', '食開，有85折, 又送焗爐仔，又送貨，抵買', '抵', '1_star', '比錢前個購物袋系有飯煲，但到比左錢個購物袋就冇飯煲，以為贈品系睇單送飯煲就買左，但原來系冇飯煲，冇贈品點解冇提示？要退貨，如果知冇贈品吾會買', '買咗六罐，有三罐凹得好勁，兩罐凹咗少少，得一個完整無缺，麻煩請跟進，謝謝。']",2023-12-10
喜寶 - 喜寶2號有機雙益較大嬰兒配方奶粉,大街市,"5,000",800克,382.00,383.00,3.7,75,德國,"['5_star', 'ok', '相對出面的價錢優惠，包裝整潔，值得回購', 'ok', 'ok', '包裝好好', '包裝非常好👍🏻', '送貨快捷，包裝完好！', '送貨快，一直食開， 原本一直喺hipp官方旗艦店買，今次揀左大街市，雖然無紙盒入住送貨，但都無凹，好完整。\n出世係醫院已經飲開呢個品牌水奶，就一直食， 食到而家２號都好好，有益生菌對poopoo真係幾好，會再回購。', '由BB一出世就飲呢個系列嘅奶粉，始終都係覺得有機嘅奶粉對BB嘅健康好有幫助， so far BB一直都好少睇醫生，所以一直冇轉過', '原本係人奶B,但返工之後真係好難泵奶, 唯有要做下功課揀隻好奶粉比BB, 揀左好多再聽好多朋友, 醫生推介, 揀左呢款食左幾個月, 有母乳益生菌真係唔錯, 便便日日都有, 最緊要係健康', '1_star', '食開HiPP一直很好，第一次係TVMall買，但TVMall呢罐沖左幾次，阿仔次次食兩啖就唔肯食，之前完全未試過咁！d粉沖極都仲係有粉粒喺奶樽度唔溶，之前喺第度買的奶粉都無試過咁。', '包裝完好的奶粉，一打開bubble紙包裝，原來係無左個奶粉蓋!\n包裝個員工諗住咁樣就可以過骨？\n真係沒有最癲，只有更癲！\n離晒大譜！', '一次飲開亦系度買過，有優惠碼99/罐諗住仲有5個月時間應該都冇問題，初時bb吾肯飲，之後自己再試下發現飲落系有溢味，油溢果種味道，奶粉冇結舊，但溢味令人吾會想再飲第二啖，想問返有冇朋友都系甘？請問HKTVmall陣溢味系咪奶粉變左？', '奶粉一大舊，從未試過，沖完味奇怪', '$99以VIP價購入，就快到期都算 一開奶粉入面一舊舊！！喺HKTVmall 買咁耐野未試過要求退款退貨，今次係第一次！請盡快安排退款，謝謝！', '奶粉製造日期係2018年11月25日，到期日係2020年5月25日，我買了5罐，到期日咁快，請問bb點樣飲得晒，而我買正價的，應該要俾客戶知道就到到期日，若我知道到期日咁快，我唔會買，bb食左真係唔好，呢d係bb產品，好多人都唔會睇日期，照俾bb食左，對bb可能有好大影響，咁樣真係有被欺騙客戶既情況，而且裡面奶粉已經受潮，我開了兩罐，情況都係咁，我真係好嬲呀，請問你公司點處理', '送到時罐已凹', '送到時奶粉罐凹了', '到期日2019年12月....開了裡面d奶粉潮潮地...又遲左兩日送貨，老實講如果唔係我咁岩冇哂奶粉附近又冇賣我真係退貨！我又唔係特價買你，但你就比d咁既貨我', '今天看看才知道貨不對版，為什麼給我送來旧版的，請安排換新版的']",2023-12-10
美素佳兒 - 有機FRISO PRESTIGE BIO 2號較大嬰兒配方奶粉 800克 - 皇家美素佳兒 FRISO PRESTIGE,荷蘭美素佳兒官方旗艦店,"5,000",800克,538.90,539.00,4.3,38,荷蘭,"['5_star', '包裝或運送還需改善，偶爾出現凹凸罐', 'Good', 'Good', '阿女飲開 一直有靚便便，令我唔洗擔心佢便秘問題', '包裝好，有優惠，會再買', 'BB飲開，大便暢順，營養好', '好', '👍🏻👍🏻', '原價$538.9，半價$269.4，抵。', 'Good', '1_star', '買18罐，理應是完整出3箱貨，但次次都無用其他品牌的紙箱裝，一打開就成手都係黑色的塵，奶粉罐上全部都係厚厚的塵，雖然係罐外污糟，但始終係bb食物，叫家長點放心買呢？影左相叫hktvmal換貨（換貨而不是退款，因為太污糟），要求我再影多啲相加影埋紙箱，好啦照影，影完hktvmall再send email叫我再影多次相，其實品質明顯有問題點解都唔肯換貨？上網買野就係唔想煩，而家仲煩過喺萬寧屈臣氏買', 'I was offered $400 HKTVMall coupon if I purchased 4 milk powder. I just received the order today Sept 5th, and the coupons already expired on Sept 1?! Then why is there a promotion???', '本人是HKTVMALL 啲VIP 會員，但奈何每次到星期五想購買奶粉送$400電子優惠碼會無固消失，是否我個程式有問題？', '有冇搞錯啊， 12月28日買，送嘅電子優惠碼12月31日到期？買嗰時都冇寫到明，如果得咁短時間就唔會特登買四罐啦，如果唔係有優惠碼用返計落平d，使乜係呢度買？百佳網站仲平啦！好大嘅誤導！', '買完中左武漢肺炎比政府隔離，然後出黎第一日去門市拎 就被告知唔可以退款同拎貨 ，搵咗好耐都搵唔到電話 打去跟進 live chat 又幫我唔到，依家要我蝕左錢，又唔比貨，完全唔fixable，以後都唔會喺度買，就係貪方便，點知一啲都唔人性化。', '全人奶bb試轉奶粉，飲完敏感出曬疹耳仔都腫埋要睇醫生查藥膏，想退款但friso whatsapp叫我搵返hktvmall, 但hktvmall禁左好耐個app都搵唔到邊到可聯絡申請退款，好麻煩']",2023-12-10
Aptamil - Aptamil 白金版 - 初生嬰兒配方奶粉1號900克 (此日期前最佳: 不早於 9/2024),Aptamil香港官方旗艦店,"5,000",900克,388.00,,3.7,19,紐西蘭,"['5_star', 'OK', '正貨，食用期長', 'Very good', '好好，已多次回購', 'good', '到期日是2024年的3月', '可信 可靠', '我會再買。', '好。', '好', '1_star', '送黎個時奶粉罐凹咗', '品質較市面差，奶粉經常唔溶，錫紙難開。王維基唔好意思，呢隻貨我落街買算。', '有冇搞錯！2018年生產，保質期去到今年6月20，少於3個月食用，要求退貨！強烈建議寫明食用日期，早知唔買！', '2020年3月19日收到貨，竟然2020年6月就夠期，一下子買了四罐，對今日購物好失望，下次不會再選擇網上買BB奶粉', '2020年3月買，但係奶粉2020年6月就過期']",2023-12-10
美贊臣 - [官方正貨] 美贊臣 Enfa A+ NeuroPro 智睿系列 2號配方奶粉 (嬰兒奶粉) (6-12個月適用),美贊臣官方旗艦店,"4,000",900克,305.00,,3.8,34,澳大利亞,"['5_star', '包裝好, 送貨準時!', '好', '有優惠碼抵買', '買6罐送$600 coupon，再有95折，抵過藥房買。\n每罐奶粉都有用泡泡紙包好，完整無缺👍🏻', '很好', 'Recomended to\nTo a friend', 'Recommended to my friends', 'Recommended to my friends...', '產品質素佳, 食用日期長逾一年', '用800-400 coupon非常優惠', '1_star', '買5 罐有幾罐都是呢個情況， 作為一間大公司 你地是否需要改正下呢個問題，如果 貨品， 搞到甘 你地是否會收貨？ 請問你地點樣處理！', '奶粉罐嚴重凹陷⋯', '個罐好烏租 次次抹完張紙巾都黑晒', '有1罐奶粉罐身有明顯凹痕，品質參差', '買兩批都係有咁', '買三罐 兩罐凹咗']",2023-12-10
美素佳兒 - 美素力®金裝倍護嬰兒配方奶粉,荷蘭美素佳兒官方旗艦店,"4,000",400克,210.00,,4.2,15,荷蘭,"['5_star', 'when stock available?', 'Very good', '很好', 'VIP Day 有折\nBB 肚多風，飲一般奶後腸攪痛會尖叫唔舒服\n醫生介紹可試呢隻奶粉，試完問題改善\n不過Comfort 呢隻奶本身難開，每次兩匙奶粉搖勻先再落就ok', '已多次回購50+以上，會員日有95折，再加埋信用卡回贈比門市買平', 'very good', '方便', '1_star', '我想問 倍護係沖完之後會凝固成一舊白色啫喱咁樣嘅？']",2023-12-10
雅培 - 心美力升級 5 HMO 4號850克,雅培嬰幼兒奶粉官方旗艦店,"4,000",900g,218.90,,3.7,15,愛爾蘭,"['5_star', '消委會都推薦', '送貨員態度誠懇有禮', 'very good!', '包裝穩妥。', 'Good', '難得$189一罐，食開，抵！', 'fast ontime', 'gd', '好好', '1_star', '被騙！完全找不到所說的量杯，內、外都找過，沒有量杯，根本不知份量。是假貨？不能量適當的奶粉份量，成罐都用不到。不要在此購買奶粉，第一次在HKTV買奶粉就這樣，不知市面有否其他假貨，各位父母小心。要求必需退貨。', '買咗六罐奶粉 點讀筆贈品明明話有六本書 送來只有一本 請問幾時補送', '購買及付款時明明寫住贈品係“連6本書”, 送來時卻只有1本書！']",2023-12-10
惠氏 - S-26® Ultima® 2號較大嬰兒配方奶粉800克 (Wyeth® S26) (新/舊包裝隨機發送),惠氏營養品官方旗艦店,"4,000",800克,331.00,332.00,4,29,瑞士,"['5_star', '用戶已設定此評論內容為非公開', '整齊', '掋', '有折加送優惠碼，抵！', '有折加優惠碼，好抵', '好飲', 'Good', 'Good', '包裝完整無缺，送貨員好有禮貌！', 'Good', '1_star', '咁都得？！', '發覺奶粉罐底邊緣有少少生銹問題 ， 是否 儲存有問題，相比萬寧沒有這個情況。', '買2件85折，宜家得一件仲貴左，我唔會買！']",2023-12-10
喜寶 - 有機雙益® HMP較大嬰兒奶粉 (2號) (350克) (38921)【香港原裝行貨】適用年齡：6個月以上,HiPP 喜寶官方旗艦店,"4,000",,180.00,,4.2,27,德國,"['5_star', 'BB好鐘意飲 味道接近母乳', '寶寶一直飲呢隻，飲得好好', 'Good', '好', '小朋友一齊食開 見有350克 細細罐幾好 去兩日一夜澳門都方便', '350g 細細罐真係幾好, 回購', 'BB 好鐘意飲奶, 勁追住飲,又飲得勁快, poopoo都好靚, 日日有', '有coupon -$72，平', '呢個Size 用來轉階段幾好 試左先, 慢慢轉', '買開大罐 一直無留意有細罐賣 都幾方便 可以放定去婆婆度 都幾好', '1_star', '已經換了一罐。打開後，仍然是沒有量匙！究竟是不是整批奶粉都沒有跟量匙？？！！\n請與廠方聯絡確定！', '本來細罐幾好，但生產日期是02/2020，已經放咗一年嘅倉底貨，有效期到10/2021，得返半年有效期，門市賣嘅都系今年生產嘅批次，下年到期，你是官方店舖，都賣的有效日期咁短嘅嬰兒產品，是不是網店就不能有知情權，生產日期和有效日期，這些重要信息應該注明，網賺就要買快過期產品，這是嬰兒食品，雖然還在有效食用日期內，但如果知道日期咁短不會選擇購買，這是一次失望的賺買經歷。']",2023-12-10
Aptamil Essensis HMO - Aptamil Essensis HMO - 幼兒成長配方奶粉3號900克,Aptamil香港官方旗艦店,"4,000",900克,467.90,468.00,3.7,13,荷蘭,"['5_star', '👍🏻', '包裝很好', '包裝得好好👍🏻！', '包裝好， 送貨快， 優質', '鍾意佢冇加蔗糖，就唔使驚會惹痰\n同埋佢送過黎個陣包得好好，冇穿冇爛。', 'BB飲完便便暢通左，又冇痰，會繼續飲', '送過嚟包好哂，完全冇凹，加上官方旗艦店，信心保證??', '發貨快，好快就收到！唔洗自己搬返屋企~', '1_star', '凹咗', '價格太高，比淘宝贵40%', '從未試過收奶粉不用紙箱裝的，只是一層薄薄的泡泡紙，外面套一個背心膠袋，根本沒有可能保護到不受運輸碰撞，四罐奶粉完全凹咗，這家還說是官方旗艦店，如此差的包裝，比那些平行進口貨品還差！']",2023-12-10
美贊臣 - [官方正貨] 美贊臣 Enfa A+ NeuroPro 智睿系列 4號配方奶粉 (3-6歲適用),美贊臣官方旗艦店,"4,000",900克,253.00,,3.7,8,荷蘭,"['5_star', 'Good', 'Ok', '送貨速度快', 'good,有禮貌準時', '多次回購，又有禮品送', '1_star', '訂購的六罐奶粉，到貨後全部凹陷，不能接受。', '其中一罐奶粉有凹陷']",2023-12-10
雪印 - 思敏傑3幼兒助長奶粉,大街市,"4,000",900克,216.10,227.5,4.4,31,澳大利亞,"['5_star', '小朋友很適這產品', 'Gd', 'Gd', 'Gd', 'Gd', 'Packing is good', '呀仔食開 呢度買算平', 'Gd', 'Good', 'Gd', '1_star', '送來的奶粉罐撞凹咗！要換貨，請跟進', '奶粉凹左', '本來應該5/29 送，ㄧ直聯絡也不回覆，無論是live chat 或留言， 只是說找不到貨品..... 最後留言說6/2 送........ 但現在6/3還是未有到貨亦未有消息']",2023-12-10
雅培 - 雅培心美力升級 5 HMO 2號850克,雅培嬰幼兒奶粉官方旗艦店,"4,000",850g,304.90,305.00,4,22,愛爾蘭,"['5_star', '十分抵', '再買，再買', '大女都飲宜家到細妹都飲這個牌子', 'Good', '良好', '👍🏻', '同藥房差唔多價錢啦', '送貨快，送的玩具好好', '正常', 'Good', '1_star', '外面透明膠完好無缺，但入面銀色蓋沒有密封，一開蓋奶粉四散', '購買5罐奶粉有2罐損壞，冇人跟進', '西灣河門市取貨，取貨時什麼包裝都沒有，就要人這樣徒手拿著貨品出門口。', '買左幾次個蓋都係咁污糟，真心唔明點解會咁？一次半次都算！三次都係咁！個蓋咁樣令我好懷疑個存放問題會唔會影響到個品質，所以唔會再係呢度買奶粉，印象好差！好冇信心！']",2023-12-10
牛欄牌 - 牛欄牌 - Happy Tummy 4 兒童成長奶粉900克,牛欄牌香港官方旗艦店,"4,000",900克,238.00,,4.6,32,紐西蘭,"['5_star', 'Good', 'Good', 'Good', '很好，整箱送貨不用自己搬最好', '3', '9折，正', '貴', '準時', '用戶已設定此評論內容為非公開', '又快又好，品質保證，服務好', '1_star', 'Good', 'Good', 'Good', '很好，整箱送貨不用自己搬最好', '3', '9折，正', '貴', '準時', '用戶已設定此評論內容為非公開', '又快又好，品質保證，服務好']",2023-12-10
雅培 - 雅培心美力升級 5 HMO 1號850克 (新裝),雅培嬰幼兒奶粉官方旗艦店,"4,000",850g,325.00,,4.2,40,愛爾蘭,"['5_star', '唯一方法可以有折', 'BB吃了很長肉', 'Good', '幾好，bb一出世基本都係呢隻，每日都有poo poo', '☺️', '好', '方便，唔洗拎', '不錯', '保存日期到2023，很新鮮', '用戶已設定此評論內容為非公開', '1_star', '第一罐食到剩1/4發現有黑色小點，近睇是害蟲，於是立刻開第二罐，第三日又同樣發現有害蟲！心有餘悸！', '於19/12/2019訂購，奶粉製造日期竟然是28/6/2018，並於28/6/2020。我上星於萬x購買的奶粉，製造日是16/7/2019。雖然你們售出的奶粉仍未到期，但我好介意你們囤貨一年半清貨尾，感覺不新鮮!', '我無收到貨，但是hktvmall 話我已收了货,攪甚麼']",2023-12-10
喜寶 - 有機雙益®️ HMP有機兒童奶粉 (4號) (800克) (38624) 【香港原裝行貨】適用年齡:3歲或以上,HiPP 喜寶官方旗艦店,"3,000",,348.00,,4.7,19,德國,"['5_star', '不太甜，小朋友每天會自動提要飲奶', 'Good', '一直食開 由細食到大 真心推', 'Good', 'Good', '小朋友食開！德國佬品質覺得唔錯！加上之前好多大牌子出問題，個隻出名貴既奶粉都出問題比人鬧爆！所以揀呢隻！又唔太貴！', '仔仔好鐘意呢隻奶粉', '有優惠平$100 ，Good', 'Good', '由細食到大都好好， 原本打算幫佢戒奶，但佢每晚點都飲一支先肯瞓，奶粉營養係多，又有益生菌，就由得佢Keep住食，一日一支都OＫ！', '1_star', '我都唔知揀「包裝欠佳」還是「使用及保養指引不足」還是什麼～\n今次罐身完好無凹，但係「此日期前最佳」到底係幾時？ 會唔會已經過咗期？點算？真係睇唔到喎～唔敢比小朋友飲 (ToT)']",2023-12-10
美素佳兒 - FRISO PRESTIGE®️ 4號成長配方奶粉 800克 - 皇家美素佳兒 FRISO PRESTIGE,荷蘭美素佳兒官方旗艦店,"3,000",,387.90,,4.4,28,荷蘭,"['5_star', '好', '小朋友飲開，Good!', '半價優惠十分好', '小朋友飲開', 'good', '一向買開', '服務質素良好', '便', 'good', '幫朋友買 超貴 M字店$220內一罐咋 趕住寄 冇辦法啦 到期日有一年半', '1_star', '差評\n\n被Facebook的廣告吸引入黎買4件，以為有＄100電子現金券回贈，放入購物車明明有，再睇下有冇咩野特價需要買，轉頭比完錢竟然冇左個優惠。係我錯我冇double check. 兩星期後的今日Facebook個廣告仍然在！', '2罐奶粉罐底居然生鏽嘅？有冇搞錯？個罐又撞到凹凸，超級差！咁樣嘅貨點可以買出來俾小朋友飲呀？']",2023-12-10
illuma - LUXA® HMO 4號兒童成長配方奶粉 850克 (6種HMO),惠氏營養品官方旗艦店,"3,000",850克,404.90,405.00,3.4,24,愛爾蘭,"['5_star', '25 年先到期。而且完全冇凹\n雖然只用了簡單bubble 紙包住', '比藥房平', '第一次買奶粉試過個罐凹咗，同你地講完之後，件事冇再發生過。送貨哥哥好有禮貌，有好幫手，非常一流嘅送貨體驗👍🏻👍🏻👍🏻👍🏻超讚👍🏻', '罐完整無缺，2021年2月製造', '特價再92折，6罐送掛燙，good', '抵，平$100', '寶寶飲開，今次買有一百蚊優惠', '包裝好', '非常方便', '有10%回贈，抵過連鎖店買', '1_star', '2023年9月3日收到奶粉，2023年10月到期！係咪有啲過分？你哋出貨前唔睇到期日嗎？', '現在係2023年7月，送嚟嘅係2023年10月，但奶粉已經有臭味！！！上個月買咗一次已經係咁，諗住比第二次機會再試下，點知又係臭嘅！太過份！係比小朋友飲㗎喎！我係hktvmall嘅illuma商店買奶粉買咗1-2年，從未試過咁！希望你地好好檢討，唔會再幫襯，係咁。', '罐子都撞壞了', '包裝非常不妥當，收到嘅奶粉普遍都有凹痕，煩請盡快安排回收貨品及退款', '送錯左呢個來？', '送貨後發現奶粉罐身有明顯凹陷，但經過兩日仍然未有相關職員跟進事件。奶粉是小孩子的食物，斷不能掉以輕心。', '没有收到该货物']",2023-12-10
Aptamil - Aptamil 白金版 - 兒童配方奶粉4號900克,Aptamil香港官方旗艦店,"3,000",900克,347.90,348.00,3.7,14,紐西蘭,"['5_star', 'Good', '多次回購', 'Good', 'Good', '送貨上門態度好', '再購的', '好平', '唔錯，第二日就送上門', '正', '1_star', '購買時Apta官宣&貴公司宣傳都有講送$400購物券，由13號訂購當日到現在〔20/10/2023〕，依然收唔到貴司之購物券，多次聯絡貴司，一直聯絡不上，唯有透過客服電郵通知你哋..,可惜一直都得不到回覆, 仲要顯示收到電郵未必會回覆.真可笑，甘大間公司!\n\n直至到5日前聯絡到網上客服, 話幫我查詢,兩至三天內回覆,今天已是第五天了,完全冇收過任何通知.\n\n其實貴司而家係改變咗營運策略嗎？ 挑戰海關嘅商品條例。', 'D罐凹咗，又唔肯退。咩意思\n我要硬食？Bb飲既奶粉凹咗都唔俾退\n咁咩叫7日內退款呀？', '係第二間超市買過同一牌子奶粉\n用紙箱+超厚bubble 紙，收貨完好無缺\n呢間淨係用普通bubble 紙\n罐奶粉撞到凹曬', '個罐凹咗，但姐姐已開咗嚟用😫']",2023-12-10
雪印 - 思敏傑4兒童成長奶粉,大街市,"3,000",900克,174.80,184.00,4.6,32,澳大利亞,"['5_star', '我認為產品乾淨，沒有撞凹就可以，不用每一罐用泡沫膠包裝，包太多真的不環保還要浪費我時間拆', '乾乾淨淨的貨品，每一罐都有用泡沫氣泡紙包裹著，這個我是買來送給朋友的，不過講真我自己本人就認為比較唔環保其實唔需要呢啲泡沫包裝，一個大膠袋裝住乾乾淨淨，袋底都唔覺有什麼黑點黐住，好過下下俾個紙盒要我拆', '買4罐奶粉送1盒積木，抵買，7/22到期！', '非常好', 'good', '低', 'Ok', '平', '正貨', '方便', '1_star', '我認為產品乾淨，沒有撞凹就可以，不用每一罐用泡沫膠包裝，包太多真的不環保還要浪費我時間拆', '乾乾淨淨的貨品，每一罐都有用泡沫氣泡紙包裹著，這個我是買來送給朋友的，不過講真我自己本人就認為比較唔環保其實唔需要呢啲泡沫包裝，一個大膠袋裝住乾乾淨淨，袋底都唔覺有什麼黑點黐住，好過下下俾個紙盒要我拆', '買4罐奶粉送1盒積木，抵買，7/22到期！', '非常好', 'good', '低', 'Ok', '平', '正貨', '方便']",2023-12-10
美素佳兒 - 美素佳兒®金裝3號,荷蘭美素佳兒官方旗艦店,"3,000",900克,288.90,289.00,4.3,13,荷蘭,"['5_star', '3罐到期日都係2023年 GOOD', '2023年到期日,good', '23年先到期', '抵買', '希望可以多一些優惠', '很好服務', '很好服務', '抵買有玩具送', '新版的金裝 很好 滿800 送bike 希望日後更多優惠', '1_star', '千期唔好喺TV mall 買\n是但去其他地方點都平過呢度']",2023-12-10
Biostime - 有機奶粉 (幼兒配方奶粉3號 800克 (10 - 36 個月適用) 法國原產 歐盟有機認證 (到期日不早於: 2025-04),H&H-Baby,"3,000",800g,360.00,,3.9,32,法國,"['5_star', 'very good packing', 'good', '幫BB轉奶粉，貨品整體乾淨企理，喜歡佢食用日期長。另外欣賞送貨嘅員工細心有禮，讚👍🏼', '用戶已設定此評論內容為非公開', '飲開， 又平又正', '飲開，有機，回購！', '我仔之前食另一隻牌子奶粉，便便有啲辛苦。朋友介紹呢隻奶粉係法國生產又有機認證，所以買俾阿仔試吓。佢食咗一排便便暢順咗，而家都會一路俾佢食！', '適逢想幫阿仔轉奶，見呢隻係法國生產又有哂有機認證就買嚟試下。飲咗一排阿仔各方面都幾好，便便好好又無敏感情況👍🏻而喺HKTVMall買一向有保證，有哂bubble紙包，有安全！', '除咗個箱度有bubble 紙，每罐額外都包咋bubble 紙，保護好足夠\n兩兄弟都食呢個牌子，食咗之後一路便便順暢，好放心', 'GOOD!! Will repurchase!', '1_star', '360兩件，有買了三份應有六件，但只收到三罐絕', '哇⋯360一罐奶粉！你地寫360兩件，我一直以為兩罐，收到真係大開眼界！真係叫我放棄食！', '你哋公司做緊899蚊,有六罐奶粉=150一罐,而家我買360蚊,佢寫住兩件,應該係有兩罐奶粉,但係而家畀得一罐我,咁樣寫超級取巧,我平時都係買開180蚊一罐,而家貴咗一倍真係超級超級貴!請跟進個案謝謝!', '$370兩罐推廣期六罐，但收左我$1164。請退回$54。', '差，次貨，有問題 ，', '明明說買一送一，結果沒有']",2023-12-10
貝拉米 - 有機嬰兒奶粉3號 (適合12個月以上),大街市,"3,000",900克,245.00,,2.7,10,澳洲,"['5_star', '💯', 'very good', 'This has been my choice of formula for my girl. Organic with no additives. I just choose the one with no adding DHA bla bla... milk is milk', '1_star', '奶粉有問題同平時食開唔同', '試過幾次奶粉罐都有少少凹，請大家留意', '你地個廣告係新裝 但送貨係舊裝 有冇搞錯？', '換了這奶粉後，小孩不斷話肚子痛，我猜是奶粉令她便秘。不會繼續用。']",2023-12-10
明治 - [香港版正貨]嬰兒配方 0-1歳罐裝,日本明治奶粉香港官方旗艦店,"3,000",800克,270.00,,3.8,36,日本,"['5_star', 'BB食開 價格合理 希望唔好斷貨\n門市比較難買', '購買方便', 'good', '全部寫英文的如果有中文字就最好', '會再買', '價錢比出面平，而市面無其他地方有得買', '全城至抵，唔知特價做到幾時，要襯早買定多啲先得', '無', 'very gd!!', '成日買', '1_star', '港版？到底邊到製造？？', '請問這是港版嗎？這文字是哪個國家？', ""I have been feeding my baby this formula for a while, but consumer council have found contaminants 3-MCPD in it!!! The level of excessive 3-MCPD will damage the kidney function and affect the male reproductive system. I'm not happy with this. Do not buy! I want a refund."", '二月還缺貨，剛剛三月見到補返新貨就購買，但今天收貨一看到期日竟是今年十月，只有幾個月，貨品的有效期太短了。', '缺貨後上架仍是2018生產10月到期貨，奶粉罐凹嘅！擔心品質問題', '已退貨,麻煩盡快補回', '又係2016年生產,今年10月到期 奶粉罐又凹咗', '2016年生產，今年10月到期既倉底貨，下次買番粒粒裝好D']",2023-12-10
喜寶 - 喜寶1號有機雙益初生嬰兒配方奶粉,大街市,"3,000",800克,383.00,,4.5,44,德國,"['5_star', '用透明大膠袋包裝，奶罐無破損無烏糟，放心用', 'Good', '大街市買係勁快送貨，今日買可以明天送，趕住要奶粉的媽媽真係可以考慮係大街市買\n大街市無紙盒包，但都完整，同平時萬寧或者官網買都係一樣， 遠期，便便一樣咁靚\nHKTV 送貨哥哥都斯文又細心，讚！', '一直食開好好, 有母乳益生菌, 所以唔可以用太熱水去沖, 之前99用好熱水去沖, 講左好耐, 終於記得.... poo poo 真心唔錯, 全家人的細路都係食佢大, 係度買唔使自己拎, 方便, 不過如果做多D特價就更加好', '好多品牌係內地都出事，驗到有香蘭素，只係香港無賣新聞。食品安全真係最重要，上次消委會已經驗出好多款都有溫菌最高仲有致癌物！真係恐怖，最安全嘅有機奶粉，得呢只，BB食品一定要揀大牌子，揀歐盟有機，揀咗其他下次出事就後悔都冇用啦。', '呢隻奶粉哥哥一直都食開，而家買來比細個個補奶用，遲D應該會全奶粉，就係貪佢有母乳益生菌同有機，今時今日有機真係好重要！', '送貨快', '如題', '如題', '這牌子很好的', '1_star', '個鑵有問題', '如果有bubble paper會好d 因為凹左少少 和 有限日期比其他店更短', '今次運送不合格，凹晒']",2023-12-10
Aptamil Essensis HMO - Aptamil Essensis HMO - 較大嬰兒配方奶粉2號900克,Aptamil香港官方旗艦店,"3,000",900克,477.90,478.00,4.7,16,荷蘭,"['5_star', '一直飲開😇唔洗自己拎！正！', '唔需要自己取，方便快捷', '買左兩次 兩次都好滿意', '用戶已設定此評論內容為非公開', '又抵買又方便', '免費送點都要比5星', 'good', '有推廣👍🏻', 'Good', '新包裝 雖然到期日比較近 不過都冇影響飲用', '1_star', '打開好污糟 想退貨']",2023-12-10
illuma - LUXA® HMO 2號較大嬰兒配方奶粉 850克 (6種HMO) (新/舊包裝隨機發貨),惠氏營養品官方旗艦店,"3,000",850克,517.90,518.00,3.4,25,愛爾蘭,"['5_star', '有優惠 $299 就好抵\n今晚買明天就送貨', 'Good', 'Good', '$299好抵', '有優惠碼，平！包裝好！無凹，仲係有圓圈W logo! 👍🏼', 'Very good !', '希望包裝可以減少塑膠', '方便', '唔洗自己拎，收貨準時', 'nice', '1_star', '第一次收到的罐有損壞，要求換貨，但是第二次收到的也是有損壞，如果本身就有問題應該一早講明！', '用戶已設定此評論內容為非公開', '個罐凹嘅，個到期日仲要係今年內，製造日期係2019年', '睇嚟送凹罐貨份係常態。', '兩罐奶粉個罐都凹咗，食唔食得㗎？', '右邊係萬寧買,左邊係HKTV MALL,左邊個LOGO同係藥房一樣,懷疑假，請盡快搵人聯絡我', '剛收到已凹 要求退貨', '有冇搞錯呀！用$518買到嘅嘢竟然係藥房版本，藥房先賣$390，你地真係賺到凸................................要求退貨退錢', '奶粉罐凹晒!!', 'Damage']",2023-12-10
惠氏 - S-26® Ultima® 1號初生嬰兒配方奶粉 800克 (Wyeth® S26)(此日期前最佳: 不早於 6/2024),惠氏營養品官方旗艦店,"3,000",800克,325.00,,3.8,19,瑞士,"['5_star', '送貨快', '包裝很好👍', '品質優良', '好', '包裝很好', 'good', '唔洗拎 方便', '送貨好方便', '1_star', '8罐全部凹 一張bubble紙都無用', '罐身凹陷，明顯撞擊造成，這樣有機會令保質期變短，甚至奶粉變質！請注意！']",2023-12-10
雀巢® - 能恩全護® INFINIPRO 3號配方 800克|母愛級萃乳營養,雀巢嬰幼營養官方旗艦店,"3,000",800克,387.90,388.00,3.5,11,德國,"['5_star', 'Good', 'Good', '有一罐奶粉凹咗,但兩日後已有人上門換. 我另外在百佳買奶粉,同樣一罐奶粉凹咗,又send email,又打電話,又係apps留言都係無人覆,無人理,電話試打左5次,都無人聽,過左成過星期,石沈大海! 好嬲！千祈唔好係百佳網購買奶粉.hktv mall 信得過', '回購', '無凹到，食用限期合理。', '1_star', '凹既！', '用戶已設定此評論內容為非公開']",2023-12-10
喜寶 - 有機雙益® HMP嬰兒配方奶粉 (1號) (350克) (38907)【香港原裝行貨】適用年齡: 初生起,HiPP 喜寶官方旗艦店,"2,000",,180.00,,4.5,24,德國,"['5_star', '好 回購的', 'I bought it twice. 2 cans per time. Good for mixed feeding. It is in high quality and fits well my little one.', '有機奶粉嚟講呢個品牌真係性價比極高', '服務很多。職員好有耐性', '回購 好好 bb好健康', '回購', 'organic and highly recommend it! wonderful formula for my baby!', '＿', '發貨快，貨品如描述相同,細包裝很方便', '方便過官網，因為官網要買到指定金額先免運，HKTVMALL 買就可以夾其他野', '1_star', '好 回購的', 'I bought it twice. 2 cans per time. Good for mixed feeding. It is in high quality and fits well my little one.', '有機奶粉嚟講呢個品牌真係性價比極高', '服務很多。職員好有耐性', '回購 好好 bb好健康', '回購', 'organic and highly recommend it! wonderful formula for my baby!', '＿', '發貨快，貨品如描述相同,細包裝很方便', '方便過官網，因為官網要買到指定金額先免運，HKTVMALL 買就可以夾其他野']",2023-12-10
illuma - ILLUMA LUXA 啟賦 3號 850克 [香港行貨],Express,"2,000",1罐,313.00,498.00,4,12,愛爾蘭,"['5_star', 'good', '個罐身有啲花，廳應無嘢掛', '价钱实惠', '一向買開，抵', 'good', '好', '回購，但希望可改為環保點的包裝，過多的發泡膠粒。', '第 n 次買', 'Excellent!', '1_star', '奶粉送來已經凹咗，都唔知品質有冇問題仲食唔食得', 'bb剛飲左兩日，已連續肚疴左兩日。bb由出世到現在都飲開此品牌既奶，都係買watsons/manning正貨，從未有此情況。第一次買該店銷售奶粉，我好懷疑此奶粉真偽。麻煩cs盡快安排退貨，另已買一樽奶粉安排7月24日送貨，亦麻煩一併退款。我係hktv mall長期客戶，從未給予已購商品劣評，請cs盡快妥善處理退貨退款。', '上星期買$346，製造日期成年前，宜家賣$410，呢個價係咪賣緊新裝？製造日期係幾時？']",2023-12-10
美素佳兒 - FRISO PRESTIGE皇家美素佳兒 3號成長配方奶粉 800克,Express,"2,000",1罐,343.00,400.00,4.6,6,荷蘭,"['5_star', '平靚正', '1', '已多次回購', '包裝好好，好過官網👍🏻❤️', '好', '1_star', '平靚正', '1', '已多次回購', '包裝好好，好過官網👍🏻❤️', '好']",2023-12-10
illuma - LUXA® HMO 1號兒童成長配方奶粉 850克 (6種HMO) (此日期前最佳: 不早於 2/2024),惠氏營養品官方旗艦店,"2,000",850克,538.00,,4,17,愛爾蘭,"['5_star', '飲開，繼續回購', '很好', 'Good', '包裝完整 有效期至2021年3月', 'good', 'Nil', '速溶，寶寶都中意飲', '好', '包裝完整', '有得送貨，正', '1_star', '送到黎就凹左… 走哂氣，唔咁俾bb食…', '收貨時罐身凹陷', '這件貨送無送到黎，送漏咗，已經程序要求補送，但未有回覆，麻煩請跟進！']",2023-12-10
illuma - ILLUMA® Organic 2號較大嬰兒有機配方奶粉 850克,惠氏營養品官方旗艦店,"2,000",850克,558.90,,4.4,24,愛爾蘭,"['5_star', 'Good.', '好吖，用優惠價錢買到，正，閒時給我多些優惠就更好', '半價好抵，包裝完整無凹', '今次雖然無包上 bubble紙 ，但無凹，未檢查其他。', '完整好好 無凹', '有機、好放心', 'Free delivery; Price is good with discount coupon.', 'Good to buy for friend, she can just wait in office for delivery.', 'No need to go elsewhere to find the product. With delivery!!', ""Same price as Watsons, with delivery to friend's address."", '1_star', '罐係凹嘅， 開左先睇到唔敢俾bb 食！ 製造日期係上年6月都比我之前萬寧1月買嘅已經去到上年9月， 唔係過期，但唔係新鮮果批～', '送貨時奶粉罐凹了，要求refund']",2023-12-10
"惠氏 - S-26® GOLD 3號幼兒成長配方奶粉900克 (Wyeth® S26, HMO) (1至3歲幼兒適用)",惠氏營養品官方旗艦店,"2,000",900克,247.90,,4,14,愛爾蘭,"['5_star', 'well packed and delivered on time.', '.', '方便', '好', '包得好，有優惠', '好方便，不用自己拎', '包送貨，有嬰兒優惠滿$350減$100，同藥房有得比！抵！', 'good', '1_star', '其中一罐凹左，要求換貨']",2023-12-10
牛欄牌 - 牛欄牌 - Happy Tummy 2 較大嬰兒奶粉900克,牛欄牌香港官方旗艦店,"2,000",900克,268.20,298.00,3.1,11,紐西蘭,"['5_star', '黎到完全冇問題', '抵買！', '有10%回贈好扺！', '1_star', '六個罐全部都凹晒', '用戶已設定此評論內容為非公開', '收貨後發現其中3罐奶粉罐身凹咗 十分失望']",2023-12-10
喜寶 - 喜寶4號雙益兒童成長配方奶粉,大街市,"2,000",800克,347.00,348.00,4.4,25,德國,"['5_star', '多次回購', '飲開！ 價錢比出面貴少少少少！ 德國品質唔錯！', '雖然無盒 但有bubble 包住 OK\n回購的 由細食到大', '好', '方便', 'good', '阿囡問係沖左牛奶比佢飲', '$99好抵', '抵，$99，11月到期，仲有幾個月時間，屋企兩個小朋友，好快飲哂', '短期，但抵玩，試下！', '1_star', '在HKTVmall 買了無數，第一次寫評論，實在氣憤，奶粉還有幾個月到期了，介紹不說清楚，申請退貨又不能退，上當的感覺，作為vip會員，作為在網站買了一兩萬奶粉的用家，只能講一句：以後唔會再幫襯你地買一分錢奶粉！浪費我時間打這麼多字只為了不想有更多人受騙！！！', '5-Feb落單買兩罐，12-Feb到貨，發現到期日是21-Apr, 正價買product description亦冇講係就到期貨品，投訴開頭仲要唔肯跟進，再理論先話只可退一罐，仲要係退mall dollar俾你，之後點追都完全冇回覆，結果我直接搵奶粉商，奶粉商先自己直接同我換。']",2023-12-10
美素佳兒 - 有機FRISOLAC PRESTIGE BIO 1號嬰兒配方奶粉800克 - 皇家美素力 FRISOLAC PRESTIGE (此日期前最佳: 不早於 6/2025),荷蘭美素佳兒官方旗艦店,"2,000",800克,549.00,,4.6,17,荷蘭,"['5_star', '多次回購', '👍🏻', '比市面平', '👌🏻', 'Ok', '雖然vip無折，但勝在送貨快，從未撞凹。快用完先買，亦唔怕無奶粉用。', 'very good', '送貨快', '好', 'Hard to find in the shops like mannings, watson or supermarket. Easier to buy on HKTV Mall even is the same price, just more convenient', '1_star', '商品送來時，罐身已凹，而商品有卜卜紙包裹，不知是運送途中損壞或是商戶明知罐身有凹仍然出貨，欲在美素佳兒官方店買奶粉的顧客自行承擔風險', '瓶子上的safety lock已經掉落']",2023-12-10
illuma - 香港行貨 惠氏 Illuma luxa 啟賦#1 850g,Express,"2,000",1罐,403.00,,4.7,33,愛爾蘭,"['5_star', '正貨！送貨快，一定再買', '送貨來交代好清楚', 'Expiry Date: 2024-02-04', 'Great price and speedy delivery', 'Good value ! Economical !', '平過出面超市', '抵買，多次回購', '抵買', 'Good', '幾好 包裝夠哂好', '1_star', '正貨！送貨快，一定再買', '送貨來交代好清楚', 'Expiry Date: 2024-02-04', 'Great price and speedy delivery', 'Good value ! Economical !', '平過出面超市', '抵買，多次回購', '抵買', 'Good', '幾好 包裝夠哂好']",2023-12-10
惠氏 - ILLUMA® Organic 1號初生嬰兒有機配方奶粉 850克 (此日期前最佳: 不早於 5/2024),惠氏營養品官方旗艦店,"2,000",850克,589.00,,4.8,9,愛爾蘭,"['5_star', '方便快捷', '包裝完好', '很好', '唔洗自己去拎囉，方便，價錢不平', '方便', 'Good', 'Good', '方便！', '1_star', '方便快捷', '包裝完好', '很好', '唔洗自己去拎囉，方便，價錢不平', '方便', 'Good', 'Good', '方便！']",2023-12-10
美贊臣 - [官方正貨] 美贊臣安兒寶 A+ 親舒 3號配方奶粉 (嬰兒奶粉) (1-3歲適用),美贊臣官方旗艦店,"2,000",900克,381.90,,4.9,10,荷蘭,"['5_star', '咁熱天氣都在門口等我', 'Good', '平靚正', 'Good and fast', '雖然無用紙箱包， 但都好企理！', '送貨好方便!', '清晰，送貨服務更新很快', '$282 + 5%off 好抵', '抵買，會囤貨', '1_star', '咁熱天氣都在門口等我', 'Good', '平靚正', 'Good and fast', '雖然無用紙箱包， 但都好企理！', '送貨好方便!', '清晰，送貨服務更新很快', '$282 + 5%off 好抵', '抵買，會囤貨']",2023-12-10
美贊臣 - [官方正貨] 美贊臣 Enfinitas 藍臻2號配方奶粉 (嬰兒奶粉) (6至12個月適用),美贊臣官方旗艦店,"2,000",820克,549.00,,4.4,19,荷蘭,"['5_star', '除咗貴，其他都OK', '一路食開，good', '個女食開，包裝好好，2023年8月先過期，好好。', '食開', '有折 包裝好好', '有折 包裝好好', '有95折，但買原箱更加抵，有10%mall dollar 回贈。', '原來原箱買超抵，星期四有95折之餘，仲有10%mall dollar 回贈，計返差不多平一百蚊一罐。又唔使自己拎，正！', '有95折，抵', '有95折，抵', '1_star', '送货员冇任何防撞包装，就用胶带装住12罐奶粉上门，刚才打开一罐有硬块，都不知道其他罐会不会这样，重新检查了一下，有两罐罐子还凹了，好担心，奶粉不知道会不会有问题']",2023-12-10
美贊臣 - [官方正貨] 美贊臣安嬰兒A+ 無乳糖配方奶粉 (嬰兒奶粉) (0至12個月適用),美贊臣官方旗艦店,"1,000",400克,156.00,,4.5,11,荷蘭,"['5_star', '無凹', '正常', '正常，經常購買', 'Good.', 'Great', '送貨快過美贊臣', '好', 'Great product, waiting for import availability a long time', '1_star', '無凹', '正常', '正常，經常購買', 'Good.', 'Great', '送貨快過美贊臣', '好', 'Great product, waiting for import availability a long time']",2023-12-10
明治 - [2罐] 明治成長配方奶粉800g(1歲-3歲)【平行進口貨品】(另外送量匙一支),令和日本母嬰生活百貨,"1,000",2 X 800g (送量匙),286.00,,4.3,28,日本,"['5_star', '多次購買', '👍🏿👍🏿', 'very good!', '爽快', '值得多次回購', '包裝好', 'OK', '朋友推介，B B試過又鐘意飲，所以會繼續買！', '小朋友好鍾意飲，呢隻抵飲！', '很好', '1_star', '其中一個嚴重變哂形🥲']",2023-12-10
明治 - [X2]日本明治MEIJI成長配方奶粉 800gx2 (1-3歲)此日期或之前食用：2024年11月 日本內銷版(平行進口)(05600),彩虹生活百貨,"1,000",800g X2,286.00,,4.8,34,日本,"['5_star', '多次購買', '買開唔洗拎', 'ok', '值得再選購', '👍🏼', '送貨員工準時有禮\n貨物完好無缺\n有效期良好', '購入12x2一共24罐奶粉。有D有盒有D無盒, 賞味期限由2022年10月到2023年1月都有, 係有1-2罐有少少凹咗, 可以接受。今次俾正評👍🏻 小朋友飲完，會再次購入。', '包裝乾淨，2022-1 到期', '多次購買', '回購', '1_star', '多次購買', '買開唔洗拎', 'ok', '值得再選購', '👍🏼', '送貨員工準時有禮\n貨物完好無缺\n有效期良好', '購入12x2一共24罐奶粉。有D有盒有D無盒, 賞味期限由2022年10月到2023年1月都有, 係有1-2罐有少少凹咗, 可以接受。今次俾正評👍🏻 小朋友飲完，會再次購入。', '包裝乾淨，2022-1 到期', '多次購買', '回購']",2023-12-10
康多蜜兒 - 嬰兒配方奶階段2 官方正貨 (由6至12個月),Kendamil Official Store,"1,000",,359.00,,4,27,英國,"['5_star', '幾時再有特價😞', '795 3罐，95折再有回贈，抵！', '795 3罐，95折再有回贈，抵！', '795 3罐，再有回贈，抵！', '795 3罐，再有回贈，抵！', '795 3罐，再有回贈，抵！', '買黎沖糊仔食', '準時，友善', '這款奶粉很好, 在一田試過,很香很滑, 在這裡買送貨很快', '平過屈臣氏，好好味', '1_star', '第二件減128$ 但長期倉庫得一罐！姐係無優惠', '貴左好多, 之前$319, 而家再加$20 變$339', '爛咗。點處理？']",2023-12-10
美素佳兒 - FRISOLAC PRESTIGE®️ 1號嬰兒配方奶粉 800克 - 皇家美素力 FRISOLAC PRESTIGE (此日期前最佳: 不早於 4/2024),荷蘭美素佳兒官方旗艦店,"1,000",800克,508.00,,4.7,19,荷蘭,"['5_star', '藥房$408，轉左去藥房買', '比普通果款更好，有便便無眼屎，胃口好', '會再次回購', '好', '好', '多次回購', '買好多次了！', '回購', '産品非常之好', '準時', '1_star', '每月買5罐，最近個罐卻是05/2023，其他的是08/2023。與商品描寫不早於06/2023有出入！']",2023-12-10
Aptamil Essensis HMO - Aptamil Essensis HMO - 初生嬰兒配方奶粉1號900克 (此日期前最佳: 不早於 7/2024),Aptamil香港官方旗艦店,"1,000",900克,478.00,,3.7,10,荷蘭,"['5_star', '寶寶喜歡', '已多次回購', 'Cheaper than major branch chains', 'Cheaper than some local stores', '佢有初乳成分對bb健康幾好，阿仔食完之後，便便去得比之前順左~~\n仲可以送埋上門，就唔洗自己拎得咁辛苦！', '送貨快，又冇凹，推薦直接喺網上買，方便好多~', '1_star', '包裝不好，個罐凹咗', 'The bottle came in a plastic bag. It is already dented when taken out from the plastic bag. The bottom and seal of the bottle is also very dirty. I’m concerned with the product quality, especially considering this is for infants.']",2023-12-10
明治 - [香港版正貨]嬰兒配方EZcube粒粒裝,日本明治奶粉香港官方旗艦店,"1,000",432g,185.00,,4.2,26,日本,"['5_star', 'good', '非常之好', '貨品整體非常好', '包裝正齊非常好', '抵', 'Good', '滿意，包裝良好', '好方便', '方便', '回購 好方便', '1_star', '13/1 送到，件貨製造日期係 5/6/2021 ，到期日5/6/2023 ，會唔會過份啲啊', '盒奶粉仲有半年就到期, 無預期咁快到期']",2023-12-10
"惠氏 - S-26® GOLD 1號初生嬰兒配方奶粉 900克 (Wyeth® S26, HMO) (此日期前最佳: 不早於 6/2024)",惠氏營養品官方旗艦店,"1,000",900克,269.00,,3.5,18,愛爾蘭,"['5_star', 'Bb食得幾好，有減價就最好', 'Good', 'Ok', '買咗好多次！日期新鮮', 'Good', '包裝完整', '包裝完好', '包裝保護設計非常好', '今次包裝完好', '299行貨包送貨', '1_star', '我係買正價奶粉，但日期係得2個月既倉底貨！是次購物經驗不良好，下次唔會再係哩間度買。', '冇諗過會係呢度買到倉底過期奶粉！我11月12號來攞貨，你地俾個11月19號就過期的俾我，我認黑仔，我寶寶吃完第一瓶就嘔！睇到我幾心痛，我寶寶先12日人仔，點可以買就過期奶粉俾我地，其他野我都冇咁嬲！係呢樣我認屎認尿都唔認你們！', '我以為在官方旗艦店購買會安心，但發現最佳食用日期只有2個月。\n我買3罐，兩個月內不可以食晒！可以更換/退貨嗎？', '唔會再買，打過去惠氏問係舊貨，因為罐底無QR code，平時喺出面買唔會咁快就過期', '買兩罐，有一個凹左，要求跟進', '幾時轉新裝呀？']",2023-12-10
美贊臣 - [官方正貨] 美贊臣 Enfinitas 藍臻4號配方奶粉 (3-6歲適用),美贊臣官方旗艦店,"1,000",820克,459.00,,4.5,14,荷蘭,"['5_star', '出貨快', 'Good', '飲開', '不錯。日期很好', '👍', 'excellent', '新設計蓋子，单手可開合，good design', '每罐都有氣泡紙保護，很好。', '1_star', '出貨快', 'Good', '飲開', '不錯。日期很好', '👍', 'excellent', '新設計蓋子，单手可開合，good design', '每罐都有氣泡紙保護，很好。']",2023-12-10
雅培 - 雅培心美力親護HMO 2號 初生嬰兒奶粉 820g,雅培嬰幼兒奶粉官方旗艦店,"1,000",820克,344.90,,4.3,9,西班牙,"['5_star', 'Great', '外觀完整', 'please provide some offer like mall dollar rebate not diaper ...', 'best price!', '1_star', 'Great', '外觀完整', 'please provide some offer like mall dollar rebate not diaper ...', 'best price!']",2023-12-10
illuma - 惠氏 ILLUMA LUXA 2號 較大嬰兒配方奶粉 850克 * 新包裝 * (7613287136633) <香港行貨>,COME ON BABY 激安寶寶生活百貨,"1,000",850克,368.00,,5,6,愛爾蘭,"['5_star', '平靚正，買開！', '好', 'The best price have seen so far', '營養價值高', '完好冇缺, 有排都未過期', 'great price', '1_star', '平靚正，買開！', '好', 'The best price have seen so far', '營養價值高', '完好冇缺, 有排都未過期', 'great price']",2023-12-10
惠氏 - ILLUMA LUXA 啟賦 3號 850克 x 2 [香港行貨],Express,"1,000",2罐,616.00,,4.2,19,愛爾蘭,"['5_star', 'good', '👍🏻', 'good', '快，包裝合適', 'good', 'good', '用戶已設定此評論內容為非公開', '用戶已設定此評論內容為非公開', '用戶已設定此評論內容為非公開', '用戶已設定此評論內容為非公開', '1_star', '竟然用保麗龍碎塊包裝奶粉，整個奶粉罐上佈滿了碎碎的保麗龍粉末，難以清潔。\n\n建議大家不要買，除非妳願意先花一個鐘把罐子擦乾淨。', '要求退款！！！！！！illuma改咗包裝好耐，打開一睇舊包裝，再望下個製造日期同到期日，11月到期，你俾倉底貨我？你會唔會俾你自己個小朋友食呀？如果你會俾既，你留番黎自己用啦，最大問題，我今日先睇到呢間野有新裝illuma 貴20蚊，上面醒醒目目紅色字寫住2020年新包裝，而呢個舊包裝就咩都唔寫，博大冒？不如咁啦，我俾多20蚊你，你換罐新包裝嘅俾我啦！', '貨品未送前已經撞凹，此服務態度「差」；重用好多發泡膠包裝….破壞地球']",2023-12-10
牛欄牌 - 牛欄牌 - Happy Tummy 1 初生嬰兒奶粉900克 (此日期前最佳: 不早於 4/2025),牛欄牌香港官方旗艦店,"1,000",900克,276.00,,2.6,5,紐西蘭,"['5_star', '食用日期係2025年2月', '好好', '1_star', '沖好嘅奶見到竟然有黑色嘢喺入邊…仲要飲咗一半先發現…有問題7日內申請退貨竟然無得退…', '奶粉報滿灰塵, 勁嘔心, 搞到一手都是灰塵 污染埋屋企, 嬰兒奶粉竟然這麼不衛生太過份吧, 而且你們是官方網, 真係立即對這品牌奶粉失信心', '最近買咗一罐，貼紙寫「全新包裝、相同配方」，但冲出嚟勁多泡泡，BB飲咗兩啖巳經唔飲；之後去返萬X買，個樣就同依家張圖一樣嘅，冲出嚟好少泡，完全兩回事。仲要話係官網，好令人質疑貨源。']",2023-12-10
美贊臣 - [官方正貨] 美贊臣 Enfa A+ NeuroPro 智睿系列 1號配方奶粉 (嬰兒奶粉) (0-6個月適用) (此日期前最佳: 不早於 8/2024),美贊臣官方旗艦店,"1,000",900克,305.00,,4.5,5,澳大利亞,"['5_star', 'excellent packaging', '沒有破損', 'Good item', '1_star', 'excellent packaging', '沒有破損', 'Good item']",2023-12-10
illuma - 惠氏 ILLUMA LUXA 4號 兒童成長配方奶粉 850克 * 新包裝 * (7613287136671) <香港行貨>,COME ON BABY 激安寶寶生活百貨,"1,000",850克,318.00,,4.3,6,愛爾蘭,"['5_star', '好', 'Good', 'Good', '低！', '物有所值', '1_star', '凹罐']",2023-12-10
illuma - ILLUMA HA - ILLUMA XTRACARE 親和人體 低敏配方 - 1號嬰兒配方奶粉 800g,惠氏營養品官方旗艦店,"1,000",800克,544.90,,5,3,德國,"['5_star', '好', '食開，買多幾罐', 'Good', '1_star', '好', '食開，買多幾罐', 'Good']",2023-12-10
雅培 - [優惠孖裝] 雅培保兒加營素3+ (呍呢嗱味) 850克,雅培嬰幼兒奶粉官方旗艦店,"1,000",850g x 2,509.90,,4.7,24,新加坡,"['5_star', '特價優惠時買咗兩罐試吓，阿仔話好飲，多啲做特價就好啦😅', '包裝好，$350/2罐', '平! $ 350兩礶', '350兩罐抵買', 'Great', '食開，小朋友喜歡', '👍🏻ol', '抵！！！', '用戶已設定此評論內容為非公開', '包裝好', '1_star', '特價優惠時買咗兩罐試吓，阿仔話好飲，多啲做特價就好啦😅', '包裝好，$350/2罐', '平! $ 350兩礶', '350兩罐抵買', 'Great', '食開，小朋友喜歡', '👍🏻ol', '抵！！！', '用戶已設定此評論內容為非公開', '包裝好']",2023-12-10
喜寶 - 有機雙益® HMP幼兒配方奶粉 (3號) (800克) 原箱6罐 (37871) 【香港原裝行貨】適用年齡：1歲或以上,HiPP 喜寶官方旗艦店,"1,000",,2238.00,,4.6,19,德國,"['5_star', '很好', '包裝好好', 'Good', 'good', '下年10月先到期，good', '有8折，非常好', 'gd', '方便、快捷?', 'good', '之前有買過呢個牌子食品，宜家試下奶粉', '1_star', '奶粉 嚴重 凹陷']",2023-12-10
美贊臣 - [官方正貨] 美贊臣 Enfinitas 藍臻 1號配方奶粉 (嬰兒奶粉) (0至6個月適用),美贊臣官方旗艦店,"1,000",820克,499.00,,3.7,15,荷蘭,"['5_star', '方便。有效期限長。', '送禮用！雖然較其他店貴少少，但官方正貨有信心些！', 'good 價錢一樣，唔使自己拎', '唔使拎有得送貨上門，正', '奶粉罐完整，很好', '包裝很好', '周圍都無存貨，又唔想經廠原箱買，HKTVmall係好既選擇。', '初生奶粉邊度買都一樣價錢，只有HKTV 有得送貨.', '周圍都無貨，好彩HKTV 有', '1_star', '一直都係HKTVmall美贊臣官方網站購買奶粉，以往亦都好信任所以沒有每一次即時檢查到期日，但在2月18日購買的奶粉竟然會是即將到期的奶粉，在二月份竟然會收到今年四月到期的奶粉，失望至極，建議各位家長為了嬰兒健康，不要貪方便在這裏購買，因為製造年份都會比較舊，甚至會係即將到期的奶粉，良心建議各位購買者。', '貨品比較舊，製造日期2019.08，成年前', '買過幾次之前都冇問題，今次太夸張']",2023-12-10
illuma - 惠氏 ILLUMA LUXA 3號 幼兒成長配方奶粉 850克 x 2罐 * 新包裝 * (7613287136657) <香港行貨>,COME ON BABY 激安寶寶生活百貨,"1,000",850克 x 2罐,648.00,,3.8,8,愛爾蘭,"['5_star', '比超市平，包裝優良。 再三回購', 'Good', '包裝好好，多次回購', '好', '好', '1_star', '送漏面膜！3張訂單都送漏', '講明送面膜，但都冇送。有冇搞錯']",2023-12-10
雪印 - 思敏兒2較大嬰兒奶粉,大街市,"1,000",900克,240.20,252.9,4,12,澳大利亞,"['5_star', 'ok', 'Good', '有10 % mall dollars 都算底', '包裝很好，買兩罐有特價', '比出面便宜，送來時也沒有損耗', '正品。送貨及時。', '試過先講', '好。送貨員哥哥好有禮貌。屋企冇人臨時改地址都唔嬲。', '1_star', '送漏2罐奶粉', '個罐凹左！要換貨！但live chat 唔得，個app 又揾唔到contract no. 唔該聯絡本人。']",2023-12-10
illuma - 惠氏 ILLUMA LUXA 3號 幼兒成長配方奶粉 850克 * 新包裝 * (7613287136657) <香港行貨>,COME ON BABY 激安寶寶生活百貨,"1,000",850克,325.00,,3.3,5,愛爾蘭,"['5_star', 'good', '每日包裝都好好', 'ok la', '1_star', '買4罐illuma, 只送左3罐, 另外一罐變左3盒hipp既產品？', '講明送面面膜。3張訂單都冇送']",2023-12-10
美素佳兒 - 美素佳兒®金裝3號紙盒裝,荷蘭美素佳兒官方旗艦店,"1,000",400克 x 3,375.90,,4,8,荷蘭,"['5_star', '有贈品 讚', '回購，抵買！買兩盒有18盒紙巾送', 'Ok', 'Happy', 'Will order again', 'Exact as expected, will order again!', '1_star', '運輸欠佳，其中一盒損毁嚴重，請盡快安排更換', '商品沒有說明食用限期，請說明食用限期。']",2023-12-10
illuma - 惠氏 ILLUMA XTRACARE 親和人體 (HA低敏配方) (0-12個月) 800克 (到期日: 06/02/2025) (844529402714) <香港行貨>,COME ON BABY 激安寶寶生活百貨,"1,000",,498.00,623.00,3.5,6,德國,"['5_star', 'Good', 'very good', 'well done', '1_star', 'This is the second time that the canister was dented upon receipt or the package.', '鐵罐有兩處損毁凹左']",2023-12-10
惠氏 - 香港行貨惠氏 Illuma luxa 啟賦#1 850g x 2,Express,"1,000",2罐,800.00,,4.3,15,愛爾蘭,"['5_star', '每次都包裝好好，只係少少粒左，可以接受。就係不能預知到期日。', '送貨員好好👍🏻', '送貨員非常好👍🏻..包裝好好 保護性好', '低', '??', 'Good', '正貨', '平', '比街度買平好多，Bb食開', '正貨', '1_star', '商品說明中沒有清楚列明奶粉是新版或舊版，貨品送到後才知道是舊版，後來要求換貨，但換貨後仍然是舊版！！非常不能接受！非常懷疑商家及hktvmall有沒有積極跟進這項貨品問題！！請盡快與我聯絡處理奶粉換貨問題或處理退款！！', '買一箱，6罐全部都凹㗎！買咁多次第一次發生，好差']",2023-12-10
illuma - 惠氏 illuma啟賦 (有機幼兒成長配方)#3號,Express,"1,000",1罐,465.00,,4.3,3,愛爾蘭,"['5_star', 'good', '包裝很好', '1_star', 'good', '包裝很好']",2023-12-10
美素佳兒 - 美素佳兒®金裝4號,荷蘭美素佳兒官方旗艦店,"1,000",900克,239.90,,4.4,5,荷蘭,"['5_star', 'good', '包裝好', '1_star', 'good', '包裝好']",2023-12-10
Biostime - 有機奶粉 幼兒配方奶粉3號 800克 (10 - 36 個月適用) 法國原產 歐盟有機認證 (此日期前最佳: 不早於 7/2023),Biostime 官方旗艦店,"1,000",800克,359.90,,3.7,14,法國,"['5_star', '好抵！', '奶味濃又唔甜，再回購', '奶味濃，小朋友很喜歡', '正品', 'Buy 1get1free good', 'Good', 'Very good & my son like it taste.', '阿B好快就適應隻新奶粉，我試過唔甜', '之前呀b開始食biostime羊奶覺得好好, 宜家到哥哥試, 哥哥都好like,便便都靚仔左！', '1_star', '第一次買呢個牌子，因為特價所以試試，非常唔好嘅經歷，以後唔會買！！！ 第一）罐外包裝非常污糟，可想而知存貨嘅環境。 第二）罐身生銹。第三）4月中買嘅貨，送嚟嘅日期係8月，如果比較近期的話應該提醒客人', '買時寫買一送一，但只送了一罐，客服回覆冇此優惠⋯', '買完就送嘢，離譜！']",2023-12-10
Kabrita - Kabrita® - 佳貝艾特® - 金裝幼兒成長配方羊奶粉3段 800g,佳貝艾特官方旗艦店,"1,000",,398.00,,4.7,10,荷蘭,"['5_star', '羊奶容易消化', 'bb 2歲開始食到4歲keep住食緊', '市面好難買，好彩HKTV貨源穩定', '買2罐有折扣，抵買👏🏻', '長期回購，吾太甜，BB飲完吾會系甘咳。', 'Bb飲完濕疹好返哂', '好平', '小朋友一路食開，好開心終於係到有得買，好方便', '1_star', '羊奶容易消化', 'bb 2歲開始食到4歲keep住食緊', '市面好難買，好彩HKTV貨源穩定', '買2罐有折扣，抵買👏🏻', '長期回購，吾太甜，BB飲完吾會系甘咳。', 'Bb飲完濕疹好返哂', '好平', '小朋友一路食開，好開心終於係到有得買，好方便']",2023-12-10
Holle - 有機3號小童奶粉配方 [香港行貨] *此日期前最佳: 2024-09-09,凱鉅有限公司,"1,000",500克,200.00,,4.6,3,奧地利,"['5_star', '產品值得推介', '送貨師父非常好', '1_star', '產品值得推介', '送貨師父非常好']",2023-12-10
雪印 - 思敏兒1初生嬰兒奶粉 (此日期前最佳: 不早於5/2024),大街市,"1,000",900克,299.50,,3.6,24,澳大利亞,"['5_star', '唔係最平', '原來買貴咗～', '原來買貴咗～', 'Ok', '送比岩岩出世既小朋友 官網訂好方便', '好', 'good', 'Nice', '好', 'Good', '1_star', '購買時說明不早於10/2021過期，結果5/8/2021收貨，送來的是12/8/2021到期，本來以為在雪印出貨有保障，結果令人十分失望，要求退貨！', '7月買，講明不早於10/2021過期，買咗兩罐都係8/2021過期！而且個罐身仲有生銹。點解newborn嘅食物都可以咁離譜？其實係可唔可以退錢/退貨？', '第一次買雪印奶粉，仲要去官方店買，點知原來官方店都厄人！寫明不早於10月，收到的是9月11過期，對呢個品牌非常失望。是否可以到清委會投訴？', '貨不對牌，圖片寫住0-6個月，收到貨又係另一個包裝', '右邊係上次訂既奶粉，最近打開先發現原來被人拮左個窿，由於過左回報時間，咁我都算啦，只怪自己太信任HKTVMALL，無檢查過。今次左邊既又黎第二樣野，舊貨當新貨！點可以賣既野同銷售圖片唔一樣架？', '同圖片不符，被騙了，根本送嚟係舊包裝，請退款', '舊裝扮新裝！麻煩請退錢']",2023-12-10
"惠氏 - S-26® GOLD 4號兒童成長配方奶粉900克 (Wyeth® S26, HMO)",惠氏營養品官方旗艦店,"1,000",900克,198.90,,2.3,5,愛爾蘭,"['5_star', '我的小朋友最喜歡，S26真係由細飲到大', '1_star', '又話買6礶送焗爐，請回覆？', '奶粉可以，但送的塵蟎機顯示燈是壞的！']",2023-12-10
美素佳兒 - 美素佳兒 3號成長配方奶粉 900克 x 4 (香港行貨),Express,"1,000",4罐,972.00,,3.2,7,荷蘭,"['5_star', '平', '辛苦送貨哥哥黃雨送貨，貨品完整', '很好', '會再回購', '1_star', '買4罐，送得一罐黎，客服又要搞成幾日都冇答覆，建議大家唔好買', '用嚟包裝既發泡膠比較污糟，令啲奶粉既鑵比較笠痴痴', '與說明不符，明明話2021年9月到期，但收到嘅全部都係2021年8月到期！！！']",2023-12-10
Biostime - 有機奶粉(較大嬰兒配方奶粉 2號 800克 (6-12 個月適用) 法國原產 歐盟有機認證 (到期日不早於: 2024-11),H&H-Baby,"1,000",800g,360.00,,4.5,9,法國,"['5_star', '未開，但包裝很整齊。', 'bb由出世開始飲，皮膚無熱氣問題，奶粉易溶，不錯。', '用戶已設定此評論內容為非公開', '可惜到期日係2021年10月', 'BB轉飲Biostime 2個月，便便比之前正常，味道不太甜，BB好鐘意飲，一口氣買左4罐，安坐家中就可收貨，十分方便 ！', '想搵有機奶粉，轉左呢隻暫時幾好，冇之前咁熱氣！會繼續用!', '1_star', '未開，但包裝很整齊。', 'bb由出世開始飲，皮膚無熱氣問題，奶粉易溶，不錯。', '用戶已設定此評論內容為非公開', '可惜到期日係2021年10月', 'BB轉飲Biostime 2個月，便便比之前正常，味道不太甜，BB好鐘意飲，一口氣買左4罐，安坐家中就可收貨，十分方便 ！', '想搵有機奶粉，轉左呢隻暫時幾好，冇之前咁熱氣！會繼續用!']",2023-12-10
illuma - 惠氏 illuma LUXA 啟賦 850g #2號 x 1罐 [香港行貨],Express,"1,000",1罐,368.00,545.00,4,4,愛爾蘭,"['5_star', '正貨', 'Nil', '包裝乾淨衛生。', '1_star', '明明話到期日係十二月，依家送黎果d係11月26号～與事實不符']",2023-12-10
康多蜜兒 - 嬰兒配方奶階段1 官方正貨 (出生至六個月),Kendamil Official Store,"1,000",,329.00,,3.9,15,英國,"['5_star', '真系少地方有得買！', '包裝保護優良', '今次又會咗新包裝', '6 cans.in 1 box with good packing, and cheap this time, will buy again next time', '不過唔係成日有貨', '好', '呢隻奶粉唔係好多地方有得買，有得送埋貨幾好', '產品多元化，送貨準時，購物非常愉快，支持HKTVmall，支持王維基，加油 !!', 'Good', '第二次買，不是經常有貨', '1_star', '請問點解包裝吾同？等左3日都未有回覆我', '跟我買的不一樣 要求跟進']",2023-12-10
雅培 - [優惠孖裝] 雅培保兒加營素3+ (朱古力味) 850克,雅培嬰幼兒奶粉官方旗艦店,"1,000",850克 x 2,509.90,510.00,4.4,9,新加坡,"['5_star', '小朋友喜歡，只嫌比較甜', 'good', '$280/2 超抵', '低', '$280 兩罐 抵！', '1_star', '小朋友喜歡，只嫌比較甜', 'good', '$280/2 超抵', '低', '$280 兩罐 抵！']",2023-12-10
雀巢 - [升級] [原箱] 能恩®啟護TM 3號配方奶粉800g,雀巢嬰幼營養官方旗艦店,"1,000",6x800克,1619.90,1620.00,4.4,11,德國,"['5_star', '長期幫襯，最好係唔使自己拎，買六罐原箱送好過買散裝只用膠袋包裝。', '飲開，長期都在此訂貨，方便唔使自己拎。包裝嚴密良好。', '包裝妥當完整，滿意⭐️', '95折後跟藥房價錢差不多，買6罐還送價值5百幾嘅多用途飯煲，抵！', 'BB食開', '實在太好了，一次送一箱來，不用自己搬回家。', '整箱送到包裝完好，唔使自己拎夠方便。', '又平又靚又好用 多次購買', '快', '1_star', '罐奶粉凹咗']",2023-12-10
美素佳兒 - 金裝美素佳兒 1號 900g x 2 (香港行貨),Express,"1,000",2罐,588.00,2024.10,4.5,16,荷蘭,"['5_star', '抵買', 'Packaging okay', 'good👍', 'OK平', 'Good', 'Good', '👍🏻', '抵！', '抵，回購', 'good', '1_star', '收到的不是全新裝，是舊版的。食用日期2021／07／03。請問舊版和新裝有何分別？']",2023-12-10
Holle - 有機3號小童山羊奶粉配方 (2621) [香港行貨] *此日期前最佳: 2024-07-12,凱鉅有限公司,"1,000",400克,278.00,,5,1,奧地利,"['5_star', '容易消化', '1_star', '容易消化']",2023-12-10
美素佳兒 - 美素佳兒®金裝2號,荷蘭美素佳兒官方旗艦店,"1,000",900克,319.90,,2,5,荷蘭,"['5_star', '會再回購', '1_star', '我用了friso的買一送一code,但收貨時只有一罐。店員很有禮貌，而且我覺得店員都不知情，所以我先取了貨。我購買時入了code，系統也提醒我要符合可以購買的產品要求，我對了幾次就是2號奶粉，所以繼續，最後都是收了一罐。我不知道是否我入錯code還是怎樣，我想退貨,因為不在官網購買會更便宜，請客服幫忙，謝謝！', '奶粉罐凹陷', '奶粉有凹陷']",2023-12-10
美贊臣 - Enfa A+ NeuroPro 智睿系列 3號 幼兒成長配方奶粉 (1-3歲適用) 900克 ( A+3 ) #39830,凡思生活雜貨,900,【香港正貨】900g,234.00,295.00,4.5,2,荷蘭,"['5_star', '提貨便捷', '1_star', '提貨便捷']",2023-12-10
美贊臣 - [官方正貨] 美贊臣安嬰兒 A+ 親舒 1號配方奶粉 (嬰兒奶粉) (0-6個月適用) (此日期前最佳: 不早於 1/2024),美贊臣官方旗艦店,900,900克,450.00,,4,5,荷蘭,"['5_star', 'Nice', 'The best formula milk!!!', 'I wish your stock gets replenished soon. My baby needs this formula.', '1_star', 'Nice', 'The best formula milk!!!', 'I wish your stock gets replenished soon. My baby needs this formula.']",2023-12-10
美素佳兒 - 金裝美素佳兒 1號 900g x 4罐 (香港行貨),Express,900,4罐,1140.00,,4.2,19,荷蘭,"['5_star', '好', '質素良好，性價比高', '好', '非常好', '包裝好好，如果飲得切好抵買！', 'ok', '好👌🏻', '平', '抵買', '回購', '1_star', '包裝破損']",2023-12-10
美素佳兒 - 金裝美素佳兒 3號成長配方奶粉 900克 x 2罐 (此日期前最佳: 不早於 01/2025),日本森田醫藥,900,900克 x 2罐,495.00,516.00,5,3,荷蘭,"['5_star', '貼心地用airbag包裝，好。', '諒解疫情關係延遲送貨', '好', '1_star', '貼心地用airbag包裝，好。', '諒解疫情關係延遲送貨', '好']",2023-12-10
美素佳兒 - 美素佳兒 3號成長配方奶粉 900克 x 2 (香港行貨),Express,900,2 罐,488.00,244.1,4,7,荷蘭,"['5_star', '已經多次回購了', '非常好', 'Good', 'Good', '1_star', '奶粉內有微小的黑色點點😡']",2023-12-10
雅培 - 心美力 親護HMO 2號 較大嬰兒配方奶粉 820克 #07311 (新舊包裝隨機發貨),凡思生活雜貨,900,【香港正貨】820克,241.00,,5,5,西班牙,"['5_star', '沒有', '回購，good', 'VIP日買平過出邊正價，有得送貨唔使自己拎，保鮮期夠長', 'Good 回購', '是次買入價$323一罐，用埋VIP95折，送埋貨唔洗自己拎，好抵。包裝好好，有防撞包裝，都算貼身，到期日OK', '1_star', '沒有', '回購，good', 'VIP日買平過出邊正價，有得送貨唔使自己拎，保鮮期夠長', 'Good 回購', '是次買入價$323一罐，用埋VIP95折，送埋貨唔洗自己拎，好抵。包裝好好，有防撞包裝，都算貼身，到期日OK']",2023-12-10
美素佳兒 - 美素力®金裝1號 (此日期前最佳: 不早於 3/2024),荷蘭美素佳兒官方旗艦店,800,900克,326.00,,5,1,荷蘭,"['5_star', 'good', '1_star', 'good']",2023-12-10
美素佳兒 - 金裝2號 較大嬰兒配方奶粉 900克 #25705 EXP:2024-10 OR AFTER,凡思生活雜貨,800,【香港正貨】900克,249.50,331.50,4.6,3,荷蘭,"['5_star', 'Good', '好', '1_star', 'Good', '好']",2023-12-10
菲思力 - 3號嬰兒奶粉配方 [香港行貨] *此日期前最佳: 2025-01-11,凱鉅有限公司,800,900克,208.00,,,,法國,"['5_star', '1_star']",2023-12-10
惠氏 - [原箱] S-26® ULTIMA® 3號 (新/舊包裝隨機發送),惠氏營養品官方旗艦店,800,800克 x 6,1697.00,1698.00,4.1,33,瑞士,"['5_star', '好', '包裝好好，送貨員態度良好，非常滿意', '回購', '折上折加送優惠碼，抵', '包得非常好 夠晒保護 唔怕撞凹', 'bb 飲開，特價抵買，包裝妥善又送貨穩妥，good!', '保護周全，good！', '多次回購，期待有更好的贈品及優惠', '多次回購，期待有更好的贈品及優惠', '用左好多膠包晒成個箱 好安全 期限至2021年', '1_star', '麻煩盡快處理訂H200402000590和 H200402085651問題，baby fair 期內購買，但沒有收到小焗爐，一直追都唔幫我跟進，對於售後服務真係好失望，好失望，感到非常無助', '我3月26日見到買6罐送焗爐我先買\n但係乜都無送到囉\n麻煩跟進一下\n明明推廣由24號先開始', '送來的奶粉，有幾罐已被撞凹！']",2023-12-10
